"id","family_id","group","name","narrative_job","signature","band","min_s","default_s","max_s","effort_tier","edit_form","spatial_mode","spatial_settle","primary_attention","audio_profile","required_asset_slots","all_asset_slots","text_slots","source_lineage","binding_status"
"HK01-01","HK01","Hook / entry","One-beat hush, decisive proof","prove value before explanation","Hold full black for a perceptible hush; hard-cut directly to the completed proof image; keep the proof still long enough to register before the exit.","micro","0.35","0.58","0.8","functional","clean_hard_cut","frontal","soft_oblique_hold","composition","intentional_music_stop","hero_media","proof_fragment | hero_media","hook_phrase","quick_mix_2026 | master_video_guides","WAITING_FOR_USER_SELECTION"
"HK01-02","HK01","Hook / entry","Practical light discovers the proof","prove value before explanation","Begin inside a genuinely dark live shot; a practical light rises around the subject, revealing silhouette, surface, then the complete proof without changing framing.","sting","0.8","1.15","1.5","enhanced","same_shot_transform","yaw_left","soft_oblique_hold","light_contrast","continuous_bed","hero_media","proof_fragment | hero_media","hook_phrase","quick_mix_2026 | master_video_guides","WAITING_FOR_USER_SELECTION"
"HK01-03","HK01","Hook / entry","Interrupted fragment to undeniable result","prove value before explanation","Show a brief incomplete process fragment; interrupt it with a short blackout; land on the finished result exactly when the key voice clause resolves.","sting","0.8","1.15","1.5","enhanced","deliberate_rupture","oblique_split","soft_oblique_hold","sound_punctuation","single_semantic_hit","hero_media","proof_fragment | hero_media","hook_phrase","quick_mix_2026 | master_video_guides","WAITING_FOR_USER_SELECTION"
"HK01-04","HK01","Hook / entry","Exposure recovery from near-black","prove value before explanation","Open on an underexposed proof shot rather than a graphic card; recover exposure from the focal subject outward; stop the lift at a natural image level and hold.","sting","0.8","1.15","1.5","functional","same_shot_transform","tilt_plane","soft_oblique_hold","light_contrast","environment_bridge","hero_media","proof_fragment | hero_media","hook_phrase","quick_mix_2026 | master_video_guides","WAITING_FOR_USER_SELECTION"
"HK01-05","HK01","Hook / entry","Subject crosses out of the void","prove value before explanation","Let the hero subject enter from a black occluding foreground; its movement uncovers the proof environment behind it; settle on the revealed relationship.","beat","1.5","2","2.5","enhanced","motivated_occlusion","corridor","soft_oblique_hold","motion","continuous_bed","hero_media","proof_fragment | hero_media","hook_phrase","quick_mix_2026 | master_video_guides","WAITING_FOR_USER_SELECTION"
"HK01-06","HK01","Hook / entry","Voice names it before we see it","prove value before explanation","Keep the frame black while the incoming line begins; cut to proof on the operative noun; let the incoming ambience continue under the held image.","beat","1.5","2","2.5","functional","j_cut","yaw_right","soft_oblique_hold","sound_punctuation","j_cut_voice_or_ambience","hero_media","proof_fragment | hero_media","hook_phrase","quick_mix_2026 | master_video_guides","WAITING_FOR_USER_SELECTION"
"HK01-07","HK01","Hook / entry","Proof flash with earned return to black","prove value before explanation","Flash two incomplete evidence glimpses, each revealing a different property; hold the third complete proof; cut back to black only after the consequence is understood.","beat","1.5","2","2.5","functional","clause_cut","frontal","soft_oblique_hold","composition","single_semantic_hit","hero_media","proof_fragment | hero_media","hook_phrase","quick_mix_2026 | master_video_guides","WAITING_FOR_USER_SELECTION"
"HK02-01","HK02","Hook / entry","Eyeline to horizon","expand a human-scale observation into its world","Establish an observer in profile; let the eyes settle off-screen; cut to the world with the horizon or subject placed on that gaze point; hold the destination.","sting","0.8","1.15","1.5","functional","position_match","yaw_right","soft_oblique_hold","composition","environment_bridge","observer | world","observer | world","context_line","quick_mix_2026 | master_video_guides","WAITING_FOR_USER_SELECTION"
"HK02-02","HK02","Hook / entry","Silhouette becomes scale reference","expand a human-scale observation into its world","Hold a human silhouette against a partial view; pull or reveal past the silhouette until the full environment dominates while the person remains as a scale anchor.","beat","1.5","2","2.5","enhanced","same_shot_transform","yaw_left","soft_oblique_hold","motion","continuous_bed","observer | world","observer | world","context_line","quick_mix_2026 | master_video_guides","WAITING_FOR_USER_SELECTION"
"HK02-03","HK02","Hook / entry","Gesture hands off to aerial route","expand a human-scale observation into its world","Show a hand or head gesture traveling in one screen direction; cut on peak motion to an aerial move continuing that vector; settle at the indicated location.","beat","1.5","2","2.5","functional","action_cut","tilt_plane","soft_oblique_hold","motion","single_semantic_hit","observer | world","observer | world","context_line","quick_mix_2026 | master_video_guides","WAITING_FOR_USER_SELECTION"
"HK02-04","HK02","Hook / entry","Reflection opens into the real world","expand a human-scale observation into its world","Frame the destination first as a reflection in an eye, visor, or window; move toward the reflected image; cross the reflective plane into the full environment.","beat","1.5","2","2.5","enhanced","portrait_portal","oblique_split","soft_oblique_hold","composition","setup_riser_and_payoff","observer | world","observer | world","context_line","quick_mix_2026 | master_video_guides","WAITING_FOR_USER_SELECTION"
"HK02-05","HK02","Hook / entry","Footfall to terrain","expand a human-scale observation into its world","Cut from a witnessed footfall or hand contact to a terrain feature with matching position and direction; let the wide shot reveal where that action belongs.","explain","2.5","3.25","4","functional","action_cut","corridor","soft_oblique_hold","motion","environment_bridge","observer | world","observer | world","context_line","quick_mix_2026 | master_video_guides","WAITING_FOR_USER_SELECTION"
"HK02-06","HK02","Hook / entry","Passing body reveals the world","expand a human-scale observation into its world","Track a witness moving across the lens; hide the cut at maximum body occlusion; continue the motion as the body clears into the destination environment.","explain","2.5","3.25","4","enhanced","motivated_occlusion","yaw_right","soft_oblique_hold","motion","continuous_bed","observer | world","observer | world","context_line","quick_mix_2026 | master_video_guides","WAITING_FOR_USER_SELECTION"
"HK02-07","HK02","Hook / entry","Ambience pulls the gaze outward","expand a human-scale observation into its world","Begin on a quiet observer; introduce destination ambience before the picture changes; let the observer react; cut to the matching wide source of that sound.","hold","4","5.2","6.5","enhanced","j_cut","orbital","soft_oblique_hold","sound_punctuation","j_cut_voice_or_ambience","observer | world","observer | world","context_line","quick_mix_2026 | master_video_guides","WAITING_FOR_USER_SELECTION"
"HK03-01","HK03","Hook / entry","Matched-frame anomaly","break an expectation and hold the question","Establish the expected state; hard-cut to an anomalous state with the main object held at the same position and scale; hold the single changed feature.","sting","0.8","1.15","1.5","functional","position_match","oblique_split","soft_oblique_hold","composition","single_semantic_hit","baseline | anomaly","baseline | anomaly","question","master_guides | master_video_guides","WAITING_FOR_USER_SELECTION"
"HK03-02","HK03","Hook / entry","Claim then visible counterexample","break an expectation and hold the question","Present a short central claim over its supporting baseline; remove the claim; reveal one counterexample in the same visual field and hold it unanswered.","beat","1.5","2","2.5","functional","clause_cut","oblique_split","soft_oblique_hold","composition","music_dip_and_pickup","baseline | anomaly","baseline | anomaly","question","master_guides | master_video_guides","WAITING_FOR_USER_SELECTION"
"HK03-03","HK03","Hook / entry","Expected motion reverses","break an expectation and hold the question","Let a familiar action begin normally; freeze at the predicted outcome; resume with the critical element moving in the opposite or impossible direction.","beat","1.5","2","2.5","enhanced","same_shot_transform","corridor","soft_oblique_hold","motion","single_semantic_hit","baseline | anomaly","baseline | anomaly","question","master_guides | master_video_guides","WAITING_FOR_USER_SELECTION"
"HK03-04","HK03","Hook / entry","Normal pattern, one exception","break an expectation and hold the question","Build a repeated set in a stable composition; complete several expected states; isolate the one exception only after the viewer has learned the pattern.","beat","1.5","2","2.5","functional","same_shot_transform","depth_stack","soft_oblique_hold","light_contrast","continuous_bed","baseline | anomaly","baseline | anomaly","question","master_guides | master_video_guides","WAITING_FOR_USER_SELECTION"
"HK03-05","HK03","Hook / entry","Off-screen cue exposes the contradiction","break an expectation and hold the question","Hold a normal-looking scene; introduce an incompatible sound from outside the focus plane; rack or pan once to reveal its visible cause.","explain","2.5","3.25","4","enhanced","same_shot_transform","yaw_right","soft_oblique_hold","sound_punctuation","j_cut_voice_or_ambience","baseline | anomaly","baseline | anomaly","question","master_guides | master_video_guides","WAITING_FOR_USER_SELECTION"
"HK03-06","HK03","Hook / entry","False scale collapses","break an expectation and hold the question","Begin on a detail that implies one scale; pull or cut wide while preserving the detail anchor; let the unexpected surrounding scale become the question.","explain","2.5","3.25","4","enhanced","same_shot_transform","yaw_left","soft_oblique_hold","motion","setup_riser_and_payoff","baseline | anomaly","baseline | anomaly","question","master_guides | master_video_guides","WAITING_FOR_USER_SELECTION"
"HK03-07","HK03","Hook / entry","Outcome precedes the presumed cause","break an expectation and hold the question","Open on the surprising result; cut back to the familiar setup on a matching object; stop before the missing causal step, leaving the gap explicit.","explain","2.5","3.25","4","functional","deliberate_rupture","depth_stack","soft_oblique_hold","composition","intentional_music_stop","baseline | anomaly","baseline | anomaly","question","master_guides | master_video_guides","WAITING_FOR_USER_SELECTION"
"HK04-01","HK04","Hook / entry","Wide-medium-detail promise","open several concrete loops without explaining them yet","Cut wide context to medium action to decisive detail; shorten the first two holds; keep the detail long enough to establish the promised payoff.","sting","0.8","1.15","1.5","functional","clause_cut","corridor","soft_oblique_hold","composition","single_semantic_hit","evidence_set","evidence_set","hook_phrase","colosseum_opening | master_video_guides","WAITING_FOR_USER_SELECTION"
"HK04-02","HK04","Hook / entry","Three outcomes, rising stakes","open several concrete loops without explaining them yet","Reveal three finished outcomes in increasing consequence rather than visual size; punctuate only the final outcome; finish on the one the story will explain.","sting","0.8","1.15","1.5","functional","clean_hard_cut","depth_stack","soft_oblique_hold","composition","setup_riser_and_payoff","evidence_set","evidence_set","hook_phrase","colosseum_opening | master_video_guides","WAITING_FOR_USER_SELECTION"
"HK04-03","HK04","Hook / entry","Process fragments in causal order","open several concrete loops without explaining them yet","Show trigger, operation, and visible result as separate proof fragments; preserve motion direction between cuts; hold the result after the chain completes.","beat","1.5","2","2.5","enhanced","action_cut","depth_stack","soft_oblique_hold","motion","mechanism_causal_chain","evidence_set","evidence_set","hook_phrase","colosseum_opening | master_video_guides","WAITING_FOR_USER_SELECTION"
"HK04-04","HK04","Hook / entry","Human, artifact, consequence","open several concrete loops without explaining them yet","Cut from a human reaction to the responsible artifact and then to its environmental consequence; use the reaction eyeline to place the artifact.","beat","1.5","2","2.5","functional","position_match","oblique_split","soft_oblique_hold","composition","environment_bridge","evidence_set","evidence_set","hook_phrase","colosseum_opening | master_video_guides","WAITING_FOR_USER_SELECTION"
"HK04-05","HK04","Hook / entry","Shape-linked proof chain","open several concrete loops without explaining them yet","Match a dominant shape across three otherwise different proof shots; let the final match break scale and reveal the larger subject.","beat","1.5","2","2.5","enhanced","shape_match","depth_stack","soft_oblique_hold","composition","single_semantic_hit","evidence_set","evidence_set","hook_phrase","colosseum_opening | master_video_guides","WAITING_FOR_USER_SELECTION"
"HK04-06","HK04","Hook / entry","Sound-led corroboration triplet","open several concrete loops without explaining them yet","Preview each next proof with its native sound; cut picture on the sound identity; release the music bed only when the third proof verifies the promise.","explain","2.5","3.25","4","enhanced","j_cut","yaw_left","soft_oblique_hold","sound_punctuation","j_cut_voice_or_ambience","evidence_set","evidence_set","hook_phrase","colosseum_opening | master_video_guides","WAITING_FOR_USER_SELECTION"
"HK04-07","HK04","Hook / entry","Many clues converge on one proof","open several concrete loops without explaining them yet","Flash four distinct clues in separate full-frame cuts; recompose them as four spatial fragments; collapse those fragments into one complete hero result.","explain","2.5","3.25","4","hero","same_shot_transform","orbital","soft_oblique_hold","motion","setup_riser_and_payoff","evidence_set","evidence_set","hook_phrase","colosseum_opening | master_video_guides","WAITING_FOR_USER_SELECTION"
"ST01-01","ST01","Structure / title","Clause-built central title","state one chapter proposition with controlled accrual","Reveal the first meaningful title clause at center; add the second clause beneath only after the first is read; hold the complete hierarchy without further motion.","sting","0.8","1.15","1.5","functional","same_shot_transform","frontal","frontal_for_read","composition","continuous_bed","","title_background","title | subtitle","quick_mix_2026 | master_video_guides","WAITING_FOR_USER_SELECTION"
"ST01-02","ST01","Structure / title","Soft image, sharp title, resolved world","state one chapter proposition with controlled accrual","Start with the background optically soft; bring the central title into focus; after it is read, resolve the image behind it while the title remains stable.","beat","1.5","2","2.5","enhanced","same_shot_transform","yaw_left","frontal_for_read","crop_dim_blur","music_dip_and_pickup","","title_background","title | subtitle","quick_mix_2026 | master_video_guides","WAITING_FOR_USER_SELECTION"
"ST01-03","ST01","Structure / title","Keyword grows into the full thought","state one chapter proposition with controlled accrual","Begin with one central operative word; make room by moving it to its final line position; reveal the rest of the title around it and settle.","beat","1.5","2","2.5","functional","same_shot_transform","frontal","frontal_for_read","motion","single_semantic_hit","","title_background","title | subtitle","quick_mix_2026 | master_video_guides","WAITING_FOR_USER_SELECTION"
"ST01-04","ST01","Structure / title","Subject passes behind the title","state one chapter proposition with controlled accrual","Establish the title in the subject plane; allow a foreground subject to pass in front through a clean matte; reveal the full environment after the pass.","beat","1.5","2","2.5","enhanced","motivated_occlusion","depth_stack","frontal_for_read","composition","continuous_bed","","title_background","title | subtitle","quick_mix_2026 | master_video_guides","WAITING_FOR_USER_SELECTION"
"ST01-05","ST01","Structure / title","Title follows a real object contour","state one chapter proposition with controlled accrual","Reveal a title beside a meaningful object edge; move the camera once along that edge; complete the title exactly where the object relationship becomes clear.","explain","2.5","3.25","4","enhanced","same_shot_transform","tilt_plane","frontal_for_read","composition","environment_bridge","","title_background","title | subtitle","quick_mix_2026 | master_video_guides","WAITING_FOR_USER_SELECTION"
"ST01-06","ST01","Structure / title","Semantic two-line hinge","state one chapter proposition with controlled accrual","Show a stable first line; pivot the meaning by replacing only one word in the second line; hold the completed contrast as a single centered title.","explain","2.5","3.25","4","functional","same_shot_transform","oblique_split","frontal_for_read","composition","single_semantic_hit","","title_background","title | subtitle","quick_mix_2026 | master_video_guides","WAITING_FOR_USER_SELECTION"
"ST01-07","ST01","Structure / title","Localized light uncovers the title","state one chapter proposition with controlled accrual","Keep a negative field visible; raise one soft pool of light behind the title area; reveal the full title inside that pool and let the light stop moving.","explain","2.5","3.25","4","enhanced","same_shot_transform","frontal","frontal_for_read","light_contrast","continuous_bed","","title_background","title | subtitle","quick_mix_2026 | master_video_guides","WAITING_FOR_USER_SELECTION"
"ST01-08","ST01","Structure / title","Title assembled through depth planes","state one chapter proposition with controlled accrual","Place separate title clauses on foreground, middle, and background planes; travel through them in reading order; align all clauses into one flat final lockup.","hold","4","5.2","6.5","hero","same_shot_transform","depth_stack","frontal_for_read","motion","setup_riser_and_payoff","","title_background","title | subtitle","quick_mix_2026 | master_video_guides","WAITING_FOR_USER_SELECTION"
"ST02-01","ST02","Structure / title","Centered portrait window settle","make a vertical artifact intentional inside another canvas","Open on a clean landscape field; reveal one centered portrait window at readable scale; let the portrait action play while the outside field stays quiet.","beat","1.5","2","2.5","functional","portrait_portal","frontal","soft_oblique_hold","composition","continuous_bed","portrait_media","portrait_media","title | subtitle","quick_mix_2026 | master_video_guides","WAITING_FOR_USER_SELECTION"
"ST02-02","ST02","Structure / title","Still frame wakes into portrait motion","make a vertical artifact intentional inside another canvas","Present the portrait source as a held still; start its internal motion on a semantic audio cue; add depth separation only after movement begins.","beat","1.5","2","2.5","functional","portrait_portal","yaw_left","soft_oblique_hold","motion","single_semantic_hit","portrait_media","portrait_media","title | subtitle","quick_mix_2026 | master_video_guides","WAITING_FOR_USER_SELECTION"
"ST02-03","ST02","Structure / title","Landscape compresses into portrait portal","make a vertical artifact intentional inside another canvas","Begin with the source covering the landscape canvas; protect the focal subject as the image narrows into a portrait window; reveal the contextual field around it.","explain","2.5","3.25","4","enhanced","same_shot_transform","tilt_plane","soft_oblique_hold","motion","music_dip_and_pickup","portrait_media","portrait_media","title | subtitle","quick_mix_2026 | master_video_guides","WAITING_FOR_USER_SELECTION"
"ST02-04","ST02","Structure / title","Foreground crosses the portrait stage","make a vertical artifact intentional inside another canvas","Set the portrait window behind a real or matted foreground subject; move the foreground across once; use the occlusion to replace the portal content.","explain","2.5","3.25","4","enhanced","motivated_occlusion","depth_stack","soft_oblique_hold","motion","continuous_bed","portrait_media","portrait_media","title | subtitle","quick_mix_2026 | master_video_guides","WAITING_FOR_USER_SELECTION"
"ST02-05","ST02","Structure / title","Focus trades between two portrait moments","make a vertical artifact intentional inside another canvas","Hold a primary portrait window; introduce a smaller second moment behind it; transfer focus and scale once so the second becomes primary while the first recedes.","explain","2.5","3.25","4","enhanced","same_shot_transform","oblique_split","soft_oblique_hold","crop_dim_blur","single_semantic_hit","portrait_media","portrait_media","title | subtitle","quick_mix_2026 | master_video_guides","WAITING_FOR_USER_SELECTION"
"ST02-06","ST02","Structure / title","Diegetic screen becomes the destination","make a vertical artifact intentional inside another canvas","Start with portrait footage playing on a screen inside a wider world; approach the screen along its normal; cross its surface into the footage.","explain","2.5","3.25","4","hero","portrait_portal","corridor","soft_oblique_hold","composition","setup_riser_and_payoff","portrait_media","portrait_media","title | subtitle","quick_mix_2026 | master_video_guides","WAITING_FOR_USER_SELECTION"
"ST02-07","ST02","Structure / title","Tilted portal corrects to attention","make a vertical artifact intentional inside another canvas","Introduce the portrait plane with a modest perspective tilt; rotate it square only as the focal action begins; hold it front-facing for comprehension.","hold","4","5.2","6.5","functional","portrait_portal","tilt_plane","soft_oblique_hold","motion","continuous_bed","portrait_media","portrait_media","title | subtitle","quick_mix_2026 | master_video_guides","WAITING_FOR_USER_SELECTION"
"ST02-08","ST02","Structure / title","Portrait subject escapes the matte","make a vertical artifact intentional inside another canvas","Keep the environment inside the portrait window; let one cleanly matted subject cross beyond its edge; expand the destination after the breakout.","hold","4","5.2","6.5","enhanced","portrait_portal","yaw_right","soft_oblique_hold","composition","setup_riser_and_payoff","portrait_media","portrait_media","title | subtitle","quick_mix_2026 | master_video_guides","WAITING_FOR_USER_SELECTION"
"ST03-01","ST03","Structure / title","Number then chapter phrase","punctuate a real structural turn with one readable statement","Land one large central numeral; reveal the short chapter phrase beside or beneath it; hold both as one hierarchy and exit cleanly.","micro","0.35","0.58","0.8","functional","same_shot_transform","frontal","frontal_for_read","composition","single_semantic_hit","","chapter_background","chapter_title | plain_ordinal","quick_mix_2026 | master_video_guides","WAITING_FOR_USER_SELECTION"
"ST03-02","ST03","Structure / title","Phrase first, numeral confirms","punctuate a real structural turn with one readable statement","Show the chapter phrase alone; introduce its ordinal only after the phrase is read; keep the ordinal semantically subordinate.","sting","0.8","1.15","1.5","functional","same_shot_transform","frontal","frontal_for_read","composition","continuous_bed","","chapter_background","chapter_title | plain_ordinal","quick_mix_2026 | master_video_guides","WAITING_FOR_USER_SELECTION"
"ST03-03","ST03","Structure / title","Freeze, chapter, resume","punctuate a real structural turn with one readable statement","Freeze the underlying action at a meaningful threshold; lower its contrast; reveal the central chapter statement; remove it and resume the same action.","sting","0.8","1.15","1.5","enhanced","same_shot_transform","frontal","frontal_for_read","crop_dim_blur","music_dip_and_pickup","","chapter_background","chapter_title | plain_ordinal","quick_mix_2026 | master_video_guides","WAITING_FOR_USER_SELECTION"
"ST03-04","ST03","Structure / title","Numeral reveals footage through its counter","punctuate a real structural turn with one readable statement","Place a large serif numeral at center; use its enclosed counter or silhouette as a genuine footage aperture; expand from that aperture into the chapter scene.","sting","0.8","1.15","1.5","enhanced","portrait_portal","depth_stack","frontal_for_read","composition","setup_riser_and_payoff","","chapter_background","chapter_title | plain_ordinal","quick_mix_2026 | master_video_guides","WAITING_FOR_USER_SELECTION"
"ST03-05","ST03","Structure / title","Two-part chapter statement locks","punctuate a real structural turn with one readable statement","Reveal the topic word; introduce the action word from the focal subject direction; snap both into one readable phrase and hold.","beat","1.5","2","2.5","functional","same_shot_transform","oblique_split","frontal_for_read","motion","single_semantic_hit","","chapter_background","chapter_title | plain_ordinal","quick_mix_2026 | master_video_guides","WAITING_FOR_USER_SELECTION"
"ST03-06","ST03","Structure / title","Incoming line carries the card","punctuate a real structural turn with one readable statement","Let the next voice line begin over the outgoing picture; cut to the clean chapter statement on its first key word; keep voice continuity through the exit.","beat","1.5","2","2.5","functional","j_cut","yaw_right","frontal_for_read","sound_punctuation","j_cut_voice_or_ambience","","chapter_background","chapter_title | plain_ordinal","quick_mix_2026 | master_video_guides","WAITING_FOR_USER_SELECTION"
"ST03-07","ST03","Structure / title","Chapter appears on a lit surface","punctuate a real structural turn with one readable statement","Approach a real surface or object face; light reaches it; reveal the chapter phrase as part of that plane; settle before cutting away.","beat","1.5","2","2.5","enhanced","same_shot_transform","tilt_plane","frontal_for_read","light_contrast","environment_bridge","","chapter_background","chapter_title | plain_ordinal","quick_mix_2026 | master_video_guides","WAITING_FOR_USER_SELECTION"
"ST03-08","ST03","Structure / title","Impact word expands to explanatory phrase","punctuate a real structural turn with one readable statement","Strike one central chapter word; after the hit decays, add a short explanatory phrase without moving the impact word; hold the complete thought.","explain","2.5","3.25","4","enhanced","same_shot_transform","yaw_right","frontal_for_read","sound_punctuation","single_semantic_hit","","chapter_background","chapter_title | plain_ordinal","quick_mix_2026 | master_video_guides","WAITING_FOR_USER_SELECTION"
"EV01-01","EV01","Evidence / B-roll","Action completes across the cut","join two shots by claim, action, contrast, or consequence","Begin a clear physical action in asset A; cut at peak velocity; complete the same action vector in asset B; hold the consequence.","micro","0.35","0.58","0.8","functional","action_cut","corridor","soft_oblique_hold","motion","single_semantic_hit","media_a | media_b","media_a | media_b","evidence_line","quick_mix_2026 | master_video_guides","WAITING_FOR_USER_SELECTION"
"EV01-02","EV01","Evidence / B-roll","Claim clause meets proof clause","join two shots by claim, action, contrast, or consequence","Show the claim context through the setup clause; cut to the proving asset on the operative noun or verb; remain there through the sentence end.","micro","0.35","0.58","0.8","functional","clause_cut","oblique_split","soft_oblique_hold","composition","voice_only","media_a | media_b","media_a | media_b","evidence_line","quick_mix_2026 | master_video_guides","WAITING_FOR_USER_SELECTION"
"EV01-03","EV01","Evidence / B-roll","Native sound identifies the result","join two shots by claim, action, contrast, or consequence","Play the action source; let the result sound begin just before the cut; reveal the visible result when that sound becomes recognizable.","micro","0.35","0.58","0.8","functional","j_cut","yaw_right","soft_oblique_hold","sound_punctuation","j_cut_voice_or_ambience","media_a | media_b","media_a | media_b","evidence_line","quick_mix_2026 | master_video_guides","WAITING_FOR_USER_SELECTION"
"EV01-04","EV01","Evidence / B-roll","Object shape changes worlds","join two shots by claim, action, contrast, or consequence","Align the dominant silhouette in both assets; close asset A on the shape; hard-cut to the homologous shape in asset B; then reveal its context.","sting","0.8","1.15","1.5","enhanced","shape_match","orbital","soft_oblique_hold","composition","single_semantic_hit","media_a | media_b","media_a | media_b","evidence_line","quick_mix_2026 | master_video_guides","WAITING_FOR_USER_SELECTION"
"EV01-05","EV01","Evidence / B-roll","Light-value bridge","join two shots by claim, action, contrast, or consequence","End asset A on a large coherent light or dark region; cut to asset B with the subject emerging from the same luma mass; hold the new subject.","sting","0.8","1.15","1.5","functional","clean_hard_cut","tilt_plane","soft_oblique_hold","light_contrast","continuous_bed","media_a | media_b","media_a | media_b","evidence_line","quick_mix_2026 | master_video_guides","WAITING_FOR_USER_SELECTION"
"EV01-06","EV01","Evidence / B-roll","Before and after share one anchor","join two shots by claim, action, contrast, or consequence","Frame the unchanged anchor in state A; cut to state B with position and scale locked; reveal only the meaningful changed property.","sting","0.8","1.15","1.5","functional","position_match","frontal","soft_oblique_hold","composition","single_semantic_hit","media_a | media_b","media_a | media_b","evidence_line","quick_mix_2026 | master_video_guides","WAITING_FOR_USER_SELECTION"
"EV01-07","EV01","Evidence / B-roll","Reaction precedes its cause","join two shots by claim, action, contrast, or consequence","Open on a human or system reaction; let the causal sound trail; cut back to the source action; stop once the causal connection is understood.","beat","1.5","2","2.5","enhanced","l_cut","oblique_split","soft_oblique_hold","sound_punctuation","l_cut_voice_or_ambience","media_a | media_b","media_a | media_b","evidence_line","quick_mix_2026 | master_video_guides","WAITING_FOR_USER_SELECTION"
"EV01-08","EV01","Evidence / B-roll","Setup object becomes consequence object","join two shots by claim, action, contrast, or consequence","Track a setup object toward frame edge; cut on contact to a different object receiving the same vector; widen just enough to show the consequence relation.","beat","1.5","2","2.5","enhanced","action_cut","depth_stack","soft_oblique_hold","motion","mechanism_causal_chain","media_a | media_b","media_a | media_b","evidence_line","quick_mix_2026 | master_video_guides","WAITING_FOR_USER_SELECTION"
"EV02-01","EV02","Evidence / B-roll","Texture clue to contextual wide","convert a clue into spatial or conceptual context","Begin on a distinctive texture; cut wide with that texture held at the same screen position; let the rest of the environment explain it.","sting","0.8","1.15","1.5","functional","position_match","corridor","soft_oblique_hold","composition","environment_bridge","detail | wide","detail | wide","context_line","quick_mix_2026 | master_video_guides","WAITING_FOR_USER_SELECTION"
"EV02-02","EV02","Evidence / B-roll","Object fragment names the location","convert a clue into spatial or conceptual context","Isolate one recognizable object fragment; pull focus away from it or cut to a wide where it remains foreground; establish the place behind it.","sting","0.8","1.15","1.5","functional","same_shot_transform","yaw_left","soft_oblique_hold","crop_dim_blur","continuous_bed","detail | wide","detail | wide","context_line","quick_mix_2026 | master_video_guides","WAITING_FOR_USER_SELECTION"
"EV02-03","EV02","Evidence / B-roll","Macro action continues wide","convert a clue into spatial or conceptual context","Show a small action at macro scale; cut on the motion to the wide view of the same action; preserve direction and temporal continuity.","beat","1.5","2","2.5","functional","action_cut","yaw_right","soft_oblique_hold","motion","single_semantic_hit","detail | wide","detail | wide","context_line","quick_mix_2026 | master_video_guides","WAITING_FOR_USER_SELECTION"
"EV02-04","EV02","Evidence / B-roll","Continuous optical pullback","convert a clue into spatial or conceptual context","Lock the detail anchor; pull back through medium context into the full wide without a cut; stop as soon as the spatial relation is clear.","beat","1.5","2","2.5","enhanced","same_shot_transform","corridor","soft_oblique_hold","motion","continuous_bed","detail | wide","detail | wide","context_line","quick_mix_2026 | master_video_guides","WAITING_FOR_USER_SELECTION"
"EV02-05","EV02","Evidence / B-roll","Wide ambience arrives inside the detail","convert a clue into spatial or conceptual context","Hold the detail shot; introduce the wide environment sound; let the detail respond if possible; cut wide on the ambience peak.","beat","1.5","2","2.5","functional","j_cut","depth_stack","soft_oblique_hold","sound_punctuation","j_cut_voice_or_ambience","detail | wide","detail | wide","context_line","quick_mix_2026 | master_video_guides","WAITING_FOR_USER_SELECTION"
"EV02-06","EV02","Evidence / B-roll","Detail silhouette matches aerial form","convert a clue into spatial or conceptual context","Close on a bounded detail shape; cut to an aerial feature with the same silhouette; widen or drift only enough to reveal the scale jump.","beat","1.5","2","2.5","enhanced","shape_match","tilt_plane","soft_oblique_hold","composition","setup_riser_and_payoff","detail | wide","detail | wide","context_line","quick_mix_2026 | master_video_guides","WAITING_FOR_USER_SELECTION"
"EV02-07","EV02","Evidence / B-roll","Foreground clears the wide","convert a clue into spatial or conceptual context","Start tight behind a moving foreground object; track its exit; use maximum occlusion to reveal the wide location beyond.","explain","2.5","3.25","4","enhanced","motivated_occlusion","yaw_right","soft_oblique_hold","motion","environment_bridge","detail | wide","detail | wide","context_line","quick_mix_2026 | master_video_guides","WAITING_FOR_USER_SELECTION"
"EV02-08","EV02","Evidence / B-roll","Misread scale corrected by context","convert a clue into spatial or conceptual context","Hold a detail long enough to invite a scale assumption; reveal a stable reference object; pull wide once to overturn that assumption.","explain","2.5","3.25","4","enhanced","same_shot_transform","orbital","soft_oblique_hold","composition","music_dip_and_pickup","detail | wide","detail | wide","context_line","quick_mix_2026 | master_video_guides","WAITING_FOR_USER_SELECTION"
"EV03-01","EV03","Evidence / B-roll","Map resolves into aerial","locate the viewer before explaining a place or system","Locate one point on a simple map; approach it; replace the map texture with matching aerial imagery while keeping orientation stable; settle on the site.","beat","1.5","2","2.5","functional","same_shot_transform","tilt_plane","soft_oblique_hold","composition","continuous_bed","location_media","location_media | map_overlay","place_name | scale_value","colosseum_world | master_video_guides","WAITING_FOR_USER_SELECTION"
"EV03-02","EV03","Evidence / B-roll","Ground horizon rises to aerial context","locate the viewer before explaining a place or system","Begin at human eye level; crane or cut upward along a stable landmark; reveal the larger terrain once the landmark becomes a map-like anchor.","beat","1.5","2","2.5","functional","same_shot_transform","tilt_plane","soft_oblique_hold","motion","environment_bridge","location_media","location_media | map_overlay","place_name | scale_value","colosseum_world | master_video_guides","WAITING_FOR_USER_SELECTION"
"EV03-03","EV03","Evidence / B-roll","Aerial descent finds the subject","locate the viewer before explaining a place or system","Open on broad aerial context; descend toward a pre-identified landmark; stop at an oriented medium-wide where the subject can be located.","explain","2.5","3.25","4","enhanced","same_shot_transform","corridor","soft_oblique_hold","motion","continuous_bed","location_media","location_media | map_overlay","place_name | scale_value","colosseum_world | master_video_guides","WAITING_FOR_USER_SELECTION"
"EV03-04","EV03","Evidence / B-roll","Route trace earns the move","locate the viewer before explaining a place or system","Show origin and destination in one aerial field; animate one path from origin; move the camera only as the trace advances; stop at the destination.","explain","2.5","3.25","4","enhanced","same_shot_transform","corridor","soft_oblique_hold","motion","mechanism_causal_chain","location_media","location_media | map_overlay","place_name | scale_value","colosseum_world | master_video_guides","WAITING_FOR_USER_SELECTION"
"EV03-05","EV03","Evidence / B-roll","Landmark isolate then pullback","locate the viewer before explaining a place or system","Begin on the landmark at medium scale; suppress surrounding contrast; restore the full aerial context while pulling back and keeping the landmark fixed.","explain","2.5","3.25","4","functional","same_shot_transform","orbital","soft_oblique_hold","light_contrast","continuous_bed","location_media","location_media | map_overlay","place_name | scale_value","colosseum_world | master_video_guides","WAITING_FOR_USER_SELECTION"
"EV03-06","EV03","Evidence / B-roll","Same geography changes time state","locate the viewer before explaining a place or system","Lock an aerial viewpoint; transform day to night, dry to flood, or past to present; preserve roads and contours so the changed state reads spatially.","hold","4","5.2","6.5","enhanced","same_shot_transform","oblique_split","soft_oblique_hold","composition","music_dip_and_pickup","location_media","location_media | map_overlay","place_name | scale_value","colosseum_world | master_video_guides","WAITING_FOR_USER_SELECTION"
"EV03-07","EV03","Evidence / B-roll","Top-down map becomes oblique world","locate the viewer before explaining a place or system","Start orthographic over the site; pitch the camera into an oblique view while keeping north or a declared orientation key; reveal elevation and access.","hold","4","5.2","6.5","hero","same_shot_transform","tilt_plane","soft_oblique_hold","motion","setup_riser_and_payoff","location_media","location_media | map_overlay","place_name | scale_value","colosseum_world | master_video_guides","WAITING_FOR_USER_SELECTION"
"EV03-08","EV03","Evidence / B-roll","Human marker hands off to landscape scale","locate the viewer before explaining a place or system","Establish a person or vehicle at a known coordinate; pull rapidly but smoothly to the landscape scale; keep the marker visible until scale is understood.","hold","4","5.2","6.5","enhanced","same_shot_transform","yaw_left","soft_oblique_hold","motion","environment_bridge","location_media","location_media | map_overlay","place_name | scale_value","colosseum_world | master_video_guides","WAITING_FOR_USER_SELECTION"
"EV04-01","EV04","Evidence / B-roll","Wide-medium-detail corroboration","increase specificity or consequence across three proofs","Establish the whole event; cut to the responsible action; cut to the decisive physical detail; hold the detail as verification.","sting","0.8","1.15","1.5","functional","clause_cut","corridor","soft_oblique_hold","composition","single_semantic_hit","evidence_triplet","evidence_triplet","claim_line","master_guides | master_video_guides","WAITING_FOR_USER_SELECTION"
"EV04-02","EV04","Evidence / B-roll","Claim, source, consequence","increase specificity or consequence across three proofs","Show the claimed condition; reveal the primary source or artifact; finish on a visible real-world consequence rather than another claim.","sting","0.8","1.15","1.5","functional","clause_cut","depth_stack","soft_oblique_hold","composition","voice_only","evidence_triplet","evidence_triplet","claim_line","master_guides | master_video_guides","WAITING_FOR_USER_SELECTION"
"EV04-03","EV04","Evidence / B-roll","Person, tool, output","increase specificity or consequence across three proofs","Begin with the operator; cut on their gesture to the tool in use; cut on tool action to the output; keep vectors coherent.","beat","1.5","2","2.5","functional","action_cut","oblique_split","soft_oblique_hold","motion","mechanism_causal_chain","evidence_triplet","evidence_triplet","claim_line","master_guides | master_video_guides","WAITING_FOR_USER_SELECTION"
"EV04-04","EV04","Evidence / B-roll","Location, process, result","increase specificity or consequence across three proofs","Orient the location; enter the local process; exit to the result in the same geographic direction; keep one landmark persistent and hold the result.","beat","1.5","2","2.5","enhanced","action_cut","yaw_left","soft_oblique_hold","motion","environment_bridge","evidence_triplet","evidence_triplet","claim_line","master_guides | master_video_guides","WAITING_FOR_USER_SELECTION"
"EV04-05","EV04","Evidence / B-roll","Detail, medium, wide consequence","increase specificity or consequence across three proofs","Start with a revealing detail; widen to the actor or mechanism; finish wide on the broader consequence, preserving the detail as an anchor when possible.","beat","1.5","2","2.5","enhanced","position_match","corridor","soft_oblique_hold","composition","setup_riser_and_payoff","evidence_triplet","evidence_triplet","claim_line","master_guides | master_video_guides","WAITING_FOR_USER_SELECTION"
"EV04-06","EV04","Evidence / B-roll","Two proofs form one synthesis","increase specificity or consequence across three proofs","Present proof A and proof B as separate full frames; on the third beat, place both in a restrained shared composition around one synthesis subject.","explain","2.5","3.25","4","enhanced","same_shot_transform","oblique_split","soft_oblique_hold","composition","single_semantic_hit","evidence_triplet","evidence_triplet","claim_line","master_guides | master_video_guides","WAITING_FOR_USER_SELECTION"
"EV04-07","EV04","Evidence / B-roll","Setup, action, aftermath","increase specificity or consequence across three proofs","Show the untouched setup; cut at action onset; skip directly to the stable aftermath; make the changed state the final focal point.","explain","2.5","3.25","4","functional","action_cut","depth_stack","soft_oblique_hold","motion","music_dip_and_pickup","evidence_triplet","evidence_triplet","claim_line","master_guides | master_video_guides","WAITING_FOR_USER_SELECTION"
"EV04-08","EV04","Evidence / B-roll","Observation, measurement, lived effect","increase specificity or consequence across three proofs","Open with an observable phenomenon; cut to its measurement; finish on how that measured change affects a person or environment.","explain","2.5","3.25","4","enhanced","clause_cut","depth_stack","soft_oblique_hold","composition","continuous_bed","evidence_triplet","evidence_triplet","claim_line","master_guides | master_video_guides","WAITING_FOR_USER_SELECTION"
"FO01-01","FO01","Focus / typography","Clause collapses to the operative word","make one short concept unmistakable without caption spam","Show a short central phrase; fade the supporting words only after it is read; keep the operative serif word fixed as the sole final focus.","micro","0.35","0.58","0.8","functional","same_shot_transform","frontal","frontal_for_read","composition","voice_only","","supporting_media","keyword","editing_tutorial | master_video_guides","WAITING_FOR_USER_SELECTION"
"FO01-02","FO01","Focus / typography","Background yields to one word","make one short concept unmistakable without caption spam","Establish the subject image; lower only its local contrast; reveal one keyword at the subject-adjacent focal point; restore the image after reading.","micro","0.35","0.58","0.8","functional","same_shot_transform","depth_stack","frontal_for_read","crop_dim_blur","continuous_bed","","supporting_media","keyword","editing_tutorial | master_video_guides","WAITING_FOR_USER_SELECTION"
"FO01-03","FO01","Focus / typography","Tracked word names the moving subject","make one short concept unmistakable without caption spam","Place one keyword beside the subject; maintain a restrained positional relationship through a single motion; remove the word before the next beat.","sting","0.8","1.15","1.5","functional","same_shot_transform","yaw_left","frontal_for_read","composition","voice_only","","supporting_media","keyword","editing_tutorial | master_video_guides","WAITING_FOR_USER_SELECTION"
"FO01-04","FO01","Focus / typography","Semantic underline measures the exact term","make one short concept unmistakable without caption spam","Reveal one keyword; draw a single underline only beneath its meaningful span; stop the line at the final letter and hold without extra marks.","sting","0.8","1.15","1.5","functional","same_shot_transform","frontal","frontal_for_read","simple_mark","single_semantic_hit","","supporting_media","keyword","editing_tutorial | master_video_guides","WAITING_FOR_USER_SELECTION"
"FO01-05","FO01","Focus / typography","Antonym replacement changes the reading","make one short concept unmistakable without caption spam","Hold the first keyword in a stable sentence frame; replace it in-place with its semantic opposite; keep all surrounding composition unchanged.","sting","0.8","1.15","1.5","enhanced","same_shot_transform","frontal","frontal_for_read","composition","music_dip_and_pickup","","supporting_media","keyword","editing_tutorial | master_video_guides","WAITING_FOR_USER_SELECTION"
"FO01-06","FO01","Focus / typography","Word scale follows real magnitude","make one short concept unmistakable without caption spam","Anchor a keyword to a measured object or phenomenon; change the word scale only as the represented magnitude changes; stop at the final measured state.","beat","1.5","2","2.5","enhanced","same_shot_transform","tilt_plane","frontal_for_read","motion","mechanism_causal_chain","","supporting_media","keyword","editing_tutorial | master_video_guides","WAITING_FOR_USER_SELECTION"
"FO01-07","FO01","Focus / typography","Cause word hands off to effect word","make one short concept unmistakable without caption spam","Reveal the cause word near its source; move attention through the visible action; replace it with the effect word at the consequence location.","beat","1.5","2","2.5","enhanced","same_shot_transform","oblique_split","frontal_for_read","motion","single_semantic_hit","","supporting_media","keyword","editing_tutorial | master_video_guides","WAITING_FOR_USER_SELECTION"
"FO01-08","FO01","Focus / typography","Quotation resolves to its key word","make one short concept unmistakable without caption spam","Show a brief quotation fragment; highlight no more than one term; let all other words recede, leaving the selected word over its evidence image.","beat","1.5","2","2.5","functional","same_shot_transform","frontal","frontal_for_read","light_contrast","voice_only","","supporting_media","keyword","editing_tutorial | master_video_guides","WAITING_FOR_USER_SELECTION"
"FO02-01","FO02","Focus / typography","Context first, value second","give a number context, meaning, and a readable hold","Show the measured subject and unit context; reveal the value only after the viewer knows what is being counted; hold subject and value together.","sting","0.8","1.15","1.5","functional","same_shot_transform","frontal","frontal_for_read","composition","voice_only","","stat_evidence","value | unit | meaning","editing_tutorial | master_video_guides","WAITING_FOR_USER_SELECTION"
"FO02-02","FO02","Focus / typography","Objects accumulate into a numeral","give a number context, meaning, and a readable hold","Add visible countable units in meaningful steps; after the last unit arrives, resolve the total as one serif numeral; stop all motion.","beat","1.5","2","2.5","enhanced","same_shot_transform","depth_stack","frontal_for_read","motion","mechanism_causal_chain","","stat_evidence","value | unit | meaning","editing_tutorial | master_video_guides","WAITING_FOR_USER_SELECTION"
"FO02-03","FO02","Focus / typography","Measure fills, then number locks","give a number context, meaning, and a readable hold","Grow one legitimate bar, gauge, or distance measure from zero to the observed endpoint; place the final value only when movement stops.","beat","1.5","2","2.5","functional","same_shot_transform","frontal","frontal_for_read","label_measurement","single_semantic_hit","","stat_evidence","value | unit | meaning","editing_tutorial | master_video_guides","WAITING_FOR_USER_SELECTION"
"FO02-04","FO02","Focus / typography","Before-after delta revealed last","give a number context, meaning, and a readable hold","Show the baseline value beside its state; transform the state; replace with the new value; reveal the delta only after both endpoints are understood.","beat","1.5","2","2.5","enhanced","same_shot_transform","oblique_split","frontal_for_read","composition","music_dip_and_pickup","","stat_evidence","value | unit | meaning","editing_tutorial | master_video_guides","WAITING_FOR_USER_SELECTION"
"FO02-05","FO02","Focus / typography","Physical scale brackets the statistic","give a number context, meaning, and a readable hold","Position the measured subject between two real reference objects; introduce the value after the scale relation reads; retain only one comparison cue.","explain","2.5","3.25","4","functional","same_shot_transform","tilt_plane","frontal_for_read","composition","continuous_bed","","stat_evidence","value | unit | meaning","editing_tutorial | master_video_guides","WAITING_FOR_USER_SELECTION"
"FO02-06","FO02","Focus / typography","Meaningful accumulation count-up","give a number context, meaning, and a readable hold","Count upward in coarse semantic steps synchronized to visible accumulation; slow before the final value; land exactly when the real process completes.","explain","2.5","3.25","4","enhanced","same_shot_transform","depth_stack","frontal_for_read","motion","setup_riser_and_payoff","","stat_evidence","value | unit | meaning","editing_tutorial | master_video_guides","WAITING_FOR_USER_SELECTION"
"FO02-07","FO02","Focus / typography","Estimate resolves to an uncertainty range","give a number context, meaning, and a readable hold","Begin with evidence rather than a precise number; reveal a bounded range; narrow or widen it once as the stated uncertainty changes.","explain","2.5","3.25","4","enhanced","same_shot_transform","frontal","frontal_for_read","label_measurement","voice_only","","stat_evidence","value | unit | meaning","editing_tutorial | master_video_guides","WAITING_FOR_USER_SELECTION"
"FO02-08","FO02","Focus / typography","Denominator changes the interpretation","give a number context, meaning, and a readable hold","Present the headline count; reveal the denominator or comparison base; recompose both as a rate or proportion and hold the corrected reading.","hold","4","5.2","6.5","functional","same_shot_transform","oblique_split","frontal_for_read","composition","single_semantic_hit","","stat_evidence","value | unit | meaning","editing_tutorial | master_video_guides","WAITING_FOR_USER_SELECTION"
"FO03-01","FO03","Focus / typography","Full source to exact crop","move attention through real evidence one region at a time","Show the complete page or screenshot for orientation; push once to the relevant region; stop with enough surrounding context to verify its location.","beat","1.5","2","2.5","functional","same_shot_transform","tilt_plane","frontal_for_read","crop_dim_blur","voice_only","source_document","source_document","focus_label | source_citation","editing_tutorial | master_video_guides","WAITING_FOR_USER_SELECTION"
"FO03-02","FO03","Focus / typography","One region remains while the rest dims","move attention through real evidence one region at a time","Hold the full source; dim nonessential regions uniformly; keep one proof region at normal contrast; restore the whole source before exit.","beat","1.5","2","2.5","functional","same_shot_transform","frontal","frontal_for_read","crop_dim_blur","continuous_bed","source_document","source_document","focus_label | source_citation","editing_tutorial | master_video_guides","WAITING_FOR_USER_SELECTION"
"FO03-03","FO03","Focus / typography","Scroll, stop, read","move attention through real evidence one region at a time","Begin high enough to establish the source; scroll at one controlled speed; decelerate at the target passage; remain completely still for reading.","explain","2.5","3.25","4","functional","same_shot_transform","corridor","frontal_for_read","motion","voice_only","source_document","source_document","focus_label | source_citation","editing_tutorial | master_video_guides","WAITING_FOR_USER_SELECTION"
"FO03-04","FO03","Focus / typography","Pointer arrives only after orientation","move attention through real evidence one region at a time","Display the full interface first; move one pointer along a short intentional route; stop on the proof control or datum; remove the pointer after the action.","explain","2.5","3.25","4","enhanced","same_shot_transform","yaw_right","frontal_for_read","simple_mark","single_semantic_hit","source_document","source_document","focus_label | source_citation","editing_tutorial | master_video_guides","WAITING_FOR_USER_SELECTION"
"FO03-05","FO03","Focus / typography","Source state toggles in place","move attention through real evidence one region at a time","Lock the interface frame; show state A; perform one authentic interaction; reveal state B with changed fields aligned to their previous positions.","explain","2.5","3.25","4","enhanced","same_shot_transform","oblique_split","frontal_for_read","composition","mechanism_causal_chain","source_document","source_document","focus_label | source_citation","editing_tutorial | master_video_guides","WAITING_FOR_USER_SELECTION"
"FO03-06","FO03","Focus / typography","Magnifier verifies, then withdraws","move attention through real evidence one region at a time","Establish the whole source; move one magnifier to a single target; enlarge the proof region inside it; withdraw to restore source context.","explain","2.5","3.25","4","enhanced","same_shot_transform","orbital","frontal_for_read","crop_dim_blur","single_semantic_hit","source_document","source_document","focus_label | source_citation","editing_tutorial | master_video_guides","WAITING_FOR_USER_SELECTION"
"FO03-07","FO03","Focus / typography","Perspective page squares to evidence","move attention through real evidence one region at a time","Introduce the source at a modest spatial angle as an object; rotate it front-facing at the target clause; hold the legible evidence flat.","hold","4","5.2","6.5","enhanced","same_shot_transform","tilt_plane","frontal_for_read","motion","continuous_bed","source_document","source_document","focus_label | source_citation","editing_tutorial | master_video_guides","WAITING_FOR_USER_SELECTION"
"FO03-08","FO03","Focus / typography","Two regions in causal reading order","move attention through real evidence one region at a time","Orient the full source; focus region one; return briefly to the whole; focus region two; finish with both locations understood but only one active cue at a time.","hold","4","5.2","6.5","enhanced","same_shot_transform","oblique_split","frontal_for_read","crop_dim_blur","mechanism_causal_chain","source_document","source_document","focus_label | source_citation","editing_tutorial | master_video_guides","WAITING_FOR_USER_SELECTION"
"SP01-01","SP01","Spatial / 2.5D","Foreground card uncovers context card","turn selected flat assets into a navigable depth field","Hold a foreground card over part of a context card; move the foreground once along depth and aside; reveal the relationship on the back plane.","sting","0.8","1.15","1.5","functional","same_shot_transform","depth_stack","spatial_hold","motion","continuous_bed","layer_set","layer_set | foreground","title","editing_tutorial | master_video_guides","WAITING_FOR_USER_SELECTION"
"SP01-02","SP01","Spatial / 2.5D","Lateral travel through staggered evidence","turn selected flat assets into a navigable depth field","Arrange evidence on three depth planes; travel laterally so foreground occlusion guides the order; settle with the final card unobstructed.","beat","1.5","2","2.5","enhanced","same_shot_transform","yaw_left","spatial_hold","motion","environment_bridge","layer_set","layer_set | foreground","title","editing_tutorial | master_video_guides","WAITING_FOR_USER_SELECTION"
"SP01-03","SP01","Spatial / 2.5D","Flat cards assemble into a depth stack","turn selected flat assets into a navigable depth field","Introduce two to four cards in reading order; move each to a distinct depth; align their shared anchor into one coherent spatial stack.","beat","1.5","2","2.5","functional","same_shot_transform","depth_stack","spatial_hold","motion","mechanism_causal_chain","layer_set","layer_set | foreground","title","editing_tutorial | master_video_guides","WAITING_FOR_USER_SELECTION"
"SP01-04","SP01","Spatial / 2.5D","Front card lifts to expose dependency","turn selected flat assets into a navigable depth field","Establish a stack as one object; lift only the front card; reveal the linked evidence directly beneath; return or exit through that dependency.","explain","2.5","3.25","4","functional","same_shot_transform","tilt_plane","spatial_hold","light_contrast","single_semantic_hit","layer_set","layer_set | foreground","title","editing_tutorial | master_video_guides","WAITING_FOR_USER_SELECTION"
"SP01-05","SP01","Spatial / 2.5D","Shallow orbit reveals hidden card relation","turn selected flat assets into a navigable depth field","Begin front-on; orbit a limited angle around the stack; let parallax expose one previously hidden relationship; stop before the layout becomes decorative.","explain","2.5","3.25","4","enhanced","same_shot_transform","orbital","spatial_hold","motion","continuous_bed","layer_set","layer_set | foreground","title","editing_tutorial | master_video_guides","WAITING_FOR_USER_SELECTION"
"SP01-06","SP01","Spatial / 2.5D","Focus rack crosses depth planes","turn selected flat assets into a navigable depth field","Hold camera position; focus the foreground evidence, then the middle connection, then the background conclusion; use no simultaneous moving cards.","explain","2.5","3.25","4","enhanced","same_shot_transform","depth_stack","spatial_hold","crop_dim_blur","continuous_bed","layer_set","layer_set | foreground","title","editing_tutorial | master_video_guides","WAITING_FOR_USER_SELECTION"
"SP01-07","SP01","Spatial / 2.5D","Causal action propagates card to card","turn selected flat assets into a navigable depth field","Trigger a visible state on the first card; pass one signal through the depth stack; change each downstream card only after the prior event completes.","hold","4","5.2","6.5","enhanced","same_shot_transform","oblique_split","spatial_hold","motion","mechanism_causal_chain","layer_set","layer_set | foreground","title","editing_tutorial | master_video_guides","WAITING_FOR_USER_SELECTION"
"SP01-08","SP01","Spatial / 2.5D","Card corridor collapses into destination","turn selected flat assets into a navigable depth field","Travel through a short corridor of evidence planes; align their apertures; collapse them into the destination scene at the final plane.","hold","4","5.2","6.5","hero","portrait_portal","corridor","spatial_hold","composition","setup_riser_and_payoff","layer_set","layer_set | foreground","title","editing_tutorial | master_video_guides","WAITING_FOR_USER_SELECTION"
"SP02-01","SP02","Spatial / 2.5D","Subject lock, background push","reveal a relation or hidden context within one still","Separate subject from background; keep the subject scale nearly fixed; push the background to reveal spatial context; settle both layers naturally.","beat","1.5","2","2.5","functional","same_shot_transform","depth_stack","spatial_hold","motion","continuous_bed","hero_image","hero_image | subject_matte | depth_map","label","editing_tutorial | master_video_guides","WAITING_FOR_USER_SELECTION"
"SP02-02","SP02","Spatial / 2.5D","Foreground parallax reveals hidden context","reveal a relation or hidden context within one still","Move one foreground matte across a small arc; expose a previously hidden background fact; stop when the fact and subject share the frame.","beat","1.5","2","2.5","functional","same_shot_transform","yaw_right","spatial_hold","motion","environment_bridge","hero_image","hero_image | subject_matte | depth_map","label","editing_tutorial | master_video_guides","WAITING_FOR_USER_SELECTION"
"SP02-03","SP02","Spatial / 2.5D","Shallow arc around a still subject","reveal a relation or hidden context within one still","Build foreground, subject, and background planes; arc the camera modestly around the subject; use occlusion changes to explain relative placement.","explain","2.5","3.25","4","enhanced","same_shot_transform","orbital","spatial_hold","motion","continuous_bed","hero_image","hero_image | subject_matte | depth_map","label","editing_tutorial | master_video_guides","WAITING_FOR_USER_SELECTION"
"SP02-04","SP02","Spatial / 2.5D","Atmospheric depth clears toward the subject","reveal a relation or hidden context within one still","Begin with distance haze separating planes; clear the haze from the focal subject outward; reveal depth without moving the still itself.","explain","2.5","3.25","4","functional","same_shot_transform","corridor","spatial_hold","light_contrast","continuous_bed","hero_image","hero_image | subject_matte | depth_map","label","editing_tutorial | master_video_guides","WAITING_FOR_USER_SELECTION"
"SP02-05","SP02","Spatial / 2.5D","Detail crop pulls through reconstructed depth","reveal a relation or hidden context within one still","Start on a meaningful detail; pull back across separated planes; preserve the detail anchor until the full scene relationship is visible.","explain","2.5","3.25","4","enhanced","same_shot_transform","corridor","spatial_hold","motion","setup_riser_and_payoff","hero_image","hero_image | subject_matte | depth_map","label","editing_tutorial | master_video_guides","WAITING_FOR_USER_SELECTION"
"SP02-06","SP02","Spatial / 2.5D","Foreground subject peels from archival image","reveal a relation or hidden context within one still","Hold the original photograph intact; separate the foreground subject just enough to expose archival context behind; restore the original frame before exit.","explain","2.5","3.25","4","enhanced","same_shot_transform","tilt_plane","spatial_hold","composition","music_dip_and_pickup","hero_image","hero_image | subject_matte | depth_map","label","editing_tutorial | master_video_guides","WAITING_FOR_USER_SELECTION"
"SP02-07","SP02","Spatial / 2.5D","Cast shadow establishes the subject plane","reveal a relation or hidden context within one still","Reveal a separated subject first; introduce a physically coherent cast shadow onto the background plane; move camera once to confirm their spatial relation.","hold","4","5.2","6.5","enhanced","same_shot_transform","yaw_left","spatial_hold","light_contrast","single_semantic_hit","hero_image","hero_image | subject_matte | depth_map","label","editing_tutorial | master_video_guides","WAITING_FOR_USER_SELECTION"
"SP02-08","SP02","Spatial / 2.5D","Enter a doorway inside the photograph","reveal a relation or hidden context within one still","Reconstruct depth around a real doorway or aperture; approach it through foreground and subject planes; cross into the destination represented beyond it.","hold","4","5.2","6.5","hero","portrait_portal","corridor","spatial_hold","composition","setup_riser_and_payoff","hero_image","hero_image | subject_matte | depth_map","label","editing_tutorial | master_video_guides","WAITING_FOR_USER_SELECTION"
"SP03-01","SP03","Spatial / 2.5D","Central card becomes the next scene","cross from selected media into the next story world","Establish a small set of source cards; select the central destination card; expand it while preserving its focal anchor until it fills the frame.","sting","0.8","1.15","1.5","functional","portrait_portal","yaw_left","spatial_hold","composition","single_semantic_hit","source_set | destination","source_set | destination","bridge_phrase","master_guides | master_video_guides","WAITING_FOR_USER_SELECTION"
"SP03-02","SP03","Spatial / 2.5D","Tiles reassemble into one coherent image","cross from selected media into the next story world","Show three or four rectilinear source tiles; move them into their true spatial positions; remove seams only after the complete destination is recognizable.","sting","0.8","1.15","1.5","enhanced","same_shot_transform","depth_stack","spatial_hold","motion","mechanism_causal_chain","source_set | destination","source_set | destination","bridge_phrase","master_guides | master_video_guides","WAITING_FOR_USER_SELECTION"
"SP03-03","SP03","Spatial / 2.5D","Interface window opens into its subject","cross from selected media into the next story world","Orient the interface or document; approach one authentic media window; cross its border at full scale into the represented world.","beat","1.5","2","2.5","functional","portrait_portal","corridor","spatial_hold","composition","setup_riser_and_payoff","source_set | destination","source_set | destination","bridge_phrase","master_guides | master_video_guides","WAITING_FOR_USER_SELECTION"
"SP03-04","SP03","Spatial / 2.5D","Page turns edge-on to reveal destination","cross from selected media into the next story world","Treat one page or card as a physical plane; rotate it edge-on; let the destination appear on the far side; square the destination to camera.","beat","1.5","2","2.5","enhanced","motivated_occlusion","yaw_right","spatial_hold","motion","single_semantic_hit","source_set | destination","source_set | destination","bridge_phrase","master_guides | master_video_guides","WAITING_FOR_USER_SELECTION"
"SP03-05","SP03","Spatial / 2.5D","Object aperture carries the cut","cross from selected media into the next story world","Find a genuine circular or bounded aperture in the source; center the destination through it; pass through the aperture and let its edge leave frame.","beat","1.5","2","2.5","functional","portrait_portal","orbital","spatial_hold","composition","environment_bridge","source_set | destination","source_set | destination","bridge_phrase","master_guides | master_video_guides","WAITING_FOR_USER_SELECTION"
"SP03-06","SP03","Spatial / 2.5D","Foreground wipe replaces the collage world","cross from selected media into the next story world","Move a real foreground object across the collage; hide the asset swap at full occlusion; clear into the coherent destination scene.","explain","2.5","3.25","4","enhanced","motivated_occlusion","yaw_left","spatial_hold","motion","continuous_bed","source_set | destination","source_set | destination","bridge_phrase","master_guides | master_video_guides","WAITING_FOR_USER_SELECTION"
"SP03-07","SP03","Spatial / 2.5D","Rectilinear panels align into a passage","cross from selected media into the next story world","Arrange vertical and horizontal panels from separate sources; shift them into one aligned opening; enter only after the passage reads as continuous space.","explain","2.5","3.25","4","enhanced","same_shot_transform","corridor","spatial_hold","motion","setup_riser_and_payoff","source_set | destination","source_set | destination","bridge_phrase","master_guides | master_video_guides","WAITING_FOR_USER_SELECTION"
"SP03-08","SP03","Spatial / 2.5D","Evidence planes form a traversable corridor","cross from selected media into the next story world","Pull scattered evidence cards into depth order; fly through them as each contributes one clue; exit the last plane into the resolved world.","hold","4","5.2","6.5","hero","portrait_portal","corridor","spatial_hold","motion","mechanism_causal_chain","source_set | destination","source_set | destination","bridge_phrase","master_guides | master_video_guides","WAITING_FOR_USER_SELECTION"
"EX01-01","EX01","Explanation / mechanism","Contrast isolate and restore","preserve orientation while explaining one component","Establish the complete system; reduce surrounding contrast; keep one component unchanged; explain its action; restore the whole at the same framing.","beat","1.5","2","2.5","functional","same_shot_transform","frontal","spatial_hold","light_contrast","voice_only","master_system | selected_component","master_system | selected_component","component_label | function_line","colosseum_world | master_video_guides","WAITING_FOR_USER_SELECTION"
"EX01-02","EX01","Explanation / mechanism","Push to part, pull to consequence","preserve orientation while explaining one component","Orient the whole; approach one component without changing object orientation; show its operation; pull back to reveal the whole-system consequence.","explain","2.5","3.25","4","functional","same_shot_transform","corridor","spatial_hold","motion","mechanism_causal_chain","master_system | selected_component","master_system | selected_component","component_label | function_line","colosseum_world | master_video_guides","WAITING_FOR_USER_SELECTION"
"EX01-03","EX01","Explanation / mechanism","Ghosted whole preserves orientation","preserve orientation while explaining one component","Show the full system; ghost nonselected parts rather than removing them; operate the selected component; return all parts to normal opacity.","explain","2.5","3.25","4","enhanced","same_shot_transform","depth_stack","spatial_hold","light_contrast","continuous_bed","master_system | selected_component","master_system | selected_component","component_label | function_line","colosseum_world | master_video_guides","WAITING_FOR_USER_SELECTION"
"EX01-04","EX01","Explanation / mechanism","Component steps out and returns","preserve orientation while explaining one component","Establish the assembly; translate one component along a real removal axis; inspect its interface; replace it and resume the full system.","explain","2.5","3.25","4","enhanced","same_shot_transform","tilt_plane","spatial_hold","motion","single_semantic_hit","master_system | selected_component","master_system | selected_component","component_label | function_line","colosseum_world | master_video_guides","WAITING_FOR_USER_SELECTION"
"EX01-05","EX01","Explanation / mechanism","Local cutaway window","preserve orientation while explaining one component","Hold the whole object intact; open one bounded cutaway only over the selected component; show its action; close the window to restore the exterior.","explain","2.5","3.25","4","enhanced","same_shot_transform","yaw_left","spatial_hold","composition","mechanism_causal_chain","master_system | selected_component","master_system | selected_component","component_label | function_line","colosseum_world | master_video_guides","WAITING_FOR_USER_SELECTION"
"EX01-06","EX01","Explanation / mechanism","Orientation lock before isolation","preserve orientation while explaining one component","Rotate the whole once to establish front, side, and selected face; stop on a declared orientation; isolate the part without further camera drift; reintegrate.","hold","4","5.2","6.5","enhanced","same_shot_transform","frontal","spatial_hold","motion","continuous_bed","master_system | selected_component","master_system | selected_component","component_label | function_line","colosseum_world | master_video_guides","WAITING_FOR_USER_SELECTION"
"EX01-07","EX01","Explanation / mechanism","Effect trace returns to the source part","preserve orientation while explaining one component","Start with the full-system effect; trace backward to the responsible component; show the component action; trace forward and restore the whole effect.","hold","4","5.2","6.5","enhanced","same_shot_transform","corridor","spatial_hold","motion","mechanism_causal_chain","master_system | selected_component","master_system | selected_component","component_label | function_line","colosseum_world | master_video_guides","WAITING_FOR_USER_SELECTION"
"EX01-08","EX01","Explanation / mechanism","One of many, then systemic repetition","preserve orientation while explaining one component","Show the complete repeated system; isolate one representative unit; demonstrate its operation; pull back as the same state propagates to its peers.","hold","4","5.2","6.5","enhanced","same_shot_transform","depth_stack","spatial_hold","motion","mechanism_causal_chain","master_system | selected_component","master_system | selected_component","component_label | function_line","colosseum_world | master_video_guides","WAITING_FOR_USER_SELECTION"
"EX01-09","EX01","Explanation / mechanism","Human action enters the system hierarchy","preserve orientation while explaining one component","Orient a person and complete system; follow one human input into the selected component; continue through its downstream effect; return to human-scale consequence.","hold","4","5.2","6.5","hero","same_shot_transform","yaw_right","spatial_hold","motion","setup_riser_and_payoff","master_system | selected_component","master_system | selected_component","component_label | function_line","colosseum_world | master_video_guides","WAITING_FOR_USER_SELECTION"
"EX01-10","EX01","Explanation / mechanism","Nested system dive and reassembly","preserve orientation while explaining one component","Begin with the hero whole; enter through two nested component levels; operate the deepest mechanism; reverse the exact spatial path as every level reassembles.","hero","6.5","8.1","10","hero","same_shot_transform","orbital","spatial_hold","motion","mechanism_causal_chain","master_system | selected_component","master_system | selected_component","component_label | function_line","colosseum_world | master_video_guides","WAITING_FOR_USER_SELECTION"
"EX02-01","EX02","Explanation / mechanism","Outer shell fades for one interior","expose hierarchy and restore the intact object","Establish the intact object; lower only the shell opacity; keep the selected interior solid; demonstrate it; restore the shell without changing view.","beat","1.5","2","2.5","functional","same_shot_transform","yaw_left","spatial_hold","light_contrast","voice_only","intact_object | part_set","intact_object | part_set","part_label","colosseum_world | master_video_guides","WAITING_FOR_USER_SELECTION"
"EX02-02","EX02","Explanation / mechanism","Real lid or panel opens","expose hierarchy and restore the intact object","Show the closed object; hinge or slide the authentic access panel; reveal the internal component; close the same panel after the explanation.","explain","2.5","3.25","4","functional","same_shot_transform","tilt_plane","spatial_hold","motion","single_semantic_hit","intact_object | part_set","intact_object | part_set","part_label","colosseum_world | master_video_guides","WAITING_FOR_USER_SELECTION"
"EX02-03","EX02","Explanation / mechanism","Layer stack separates on one axis","expose hierarchy and restore the intact object","Orient the intact stack; separate layers along their real assembly axis in hierarchy order; inspect one interface; compress back to intact.","explain","2.5","3.25","4","enhanced","same_shot_transform","depth_stack","spatial_hold","motion","mechanism_causal_chain","intact_object | part_set","intact_object | part_set","part_label","colosseum_world | master_video_guides","WAITING_FOR_USER_SELECTION"
"EX02-04","EX02","Explanation / mechanism","Radial components expose the core","expose hierarchy and restore the intact object","Start intact; move only the surrounding radial components outward along their mounts; reveal and operate the core; return the ring around it.","explain","2.5","3.25","4","enhanced","same_shot_transform","orbital","spatial_hold","motion","mechanism_causal_chain","intact_object | part_set","intact_object | part_set","part_label","colosseum_world | master_video_guides","WAITING_FOR_USER_SELECTION"
"EX02-05","EX02","Explanation / mechanism","Section plane travels through the object","expose hierarchy and restore the intact object","Introduce a single sectional plane at the exterior; sweep it through the object; pause at the critical interior relation; remove the plane and restore exterior.","explain","2.5","3.25","4","enhanced","same_shot_transform","tilt_plane","spatial_hold","composition","continuous_bed","intact_object | part_set","intact_object | part_set","part_label","colosseum_world | master_video_guides","WAITING_FOR_USER_SELECTION"
"EX02-06","EX02","Explanation / mechanism","X-ray handoff to physical interior","expose hierarchy and restore the intact object","Crossfade the intact exterior to an aligned x-ray view; select one interior form; transition that form into a solid cutaway model for explanation.","hold","4","5.2","6.5","enhanced","same_shot_transform","oblique_split","spatial_hold","light_contrast","music_dip_and_pickup","intact_object | part_set","intact_object | part_set","part_label","colosseum_world | master_video_guides","WAITING_FOR_USER_SELECTION"
"EX02-07","EX02","Explanation / mechanism","Assembly runs backward into inspection","expose hierarchy and restore the intact object","Open on separated parts with clear hierarchy; assemble them in causal order; stop before the final shell; inspect the internal interface; complete the assembly.","hold","4","5.2","6.5","enhanced","same_shot_transform","corridor","spatial_hold","motion","mechanism_causal_chain","intact_object | part_set","intact_object | part_set","part_label","colosseum_world | master_video_guides","WAITING_FOR_USER_SELECTION"
"EX02-08","EX02","Explanation / mechanism","Access panels open in service order","expose hierarchy and restore the intact object","Establish the intact system; open sequential service panels according to real access order; expose the target; reverse the closure sequence on exit.","hold","4","5.2","6.5","enhanced","same_shot_transform","depth_stack","spatial_hold","motion","mechanism_causal_chain","intact_object | part_set","intact_object | part_set","part_label","colosseum_world | master_video_guides","WAITING_FOR_USER_SELECTION"
"EX02-09","EX02","Explanation / mechanism","Exploded orbit preserves every connector","expose hierarchy and restore the intact object","Separate the full 3D assembly while connector paths remain visible; orbit once around the critical hierarchy; rejoin parts along those paths into the hero whole.","hold","4","5.2","6.5","hero","same_shot_transform","orbital","spatial_hold","motion","setup_riser_and_payoff","intact_object | part_set","intact_object | part_set","part_label","colosseum_world | master_video_guides","WAITING_FOR_USER_SELECTION"
"EX02-10","EX02","Explanation / mechanism","Building envelope peels to occupied mechanism","expose hierarchy and restore the intact object","Orient the full building or environment; remove envelope layers from outside inward; reveal people and mechanism operating together; restore the exterior at scale.","hero","6.5","8.1","10","hero","same_shot_transform","yaw_right","spatial_hold","motion","environment_bridge","intact_object | part_set","intact_object | part_set","part_label","colosseum_world | master_video_guides","WAITING_FOR_USER_SELECTION"
"EX03-01","EX03","Explanation / mechanism","Three-stage trigger chain","show how an upstream action produces a downstream result","Orient input, transmission component, and output; fire the input; animate transmission only after contact; change the output last and hold its consequence.","explain","2.5","3.25","4","functional","same_shot_transform","corridor","spatial_hold","motion","mechanism_causal_chain","trigger | component_chain | result","trigger | component_chain | result","input_label | output_label","colosseum_world | master_video_guides","WAITING_FOR_USER_SELECTION"
"EX03-02","EX03","Explanation / mechanism","Pulse traverses one channel","show how an upstream action produces a downstream result","Locate the channel origin; launch one pulse; follow it without overtaking; reveal the output state exactly when the pulse arrives.","explain","2.5","3.25","4","enhanced","same_shot_transform","yaw_right","spatial_hold","motion","mechanism_causal_chain","trigger | component_chain | result","trigger | component_chain | result","input_label | output_label","colosseum_world | master_video_guides","WAITING_FOR_USER_SELECTION"
"EX03-03","EX03","Explanation / mechanism","Material flow exposes a bottleneck","show how an upstream action produces a downstream result","Start material at the input; trace its motion through two stages; visibly slow and accumulate at the bottleneck; release into the measured output.","explain","2.5","3.25","4","enhanced","same_shot_transform","corridor","spatial_hold","motion","mechanism_causal_chain","trigger | component_chain | result","trigger | component_chain | result","input_label | output_label","colosseum_world | master_video_guides","WAITING_FOR_USER_SELECTION"
"EX03-04","EX03","Explanation / mechanism","Lever transfers motion through gears","show how an upstream action produces a downstream result","Show force applied to the lever; rotate each connected gear only after tooth contact; move the final actuator; pull back to show the produced result.","hold","4","5.2","6.5","enhanced","same_shot_transform","yaw_left","spatial_hold","motion","mechanism_causal_chain","trigger | component_chain | result","trigger | component_chain | result","input_label | output_label","colosseum_world | master_video_guides","WAITING_FOR_USER_SELECTION"
"EX03-05","EX03","Explanation / mechanism","Signal branches and reconverges","show how an upstream action produces a downstream result","Trigger one signal; split it at a real branch; follow both routes with staggered timing; reconverge them at the component that produces the output.","hold","4","5.2","6.5","enhanced","same_shot_transform","oblique_split","spatial_hold","motion","mechanism_causal_chain","trigger | component_chain | result","trigger | component_chain | result","input_label | output_label","colosseum_world | master_video_guides","WAITING_FOR_USER_SELECTION"
"EX03-06","EX03","Explanation / mechanism","Feedback changes the original input","show how an upstream action produces a downstream result","Run input through transmission to output; route a visible return signal from output; modify the input state only when feedback arrives; show the stabilized loop.","hold","4","5.2","6.5","enhanced","same_shot_transform","orbital","spatial_hold","motion","mechanism_causal_chain","trigger | component_chain | result","trigger | component_chain | result","input_label | output_label","colosseum_world | master_video_guides","WAITING_FOR_USER_SELECTION"
"EX03-07","EX03","Explanation / mechanism","Threshold accumulation triggers a state","show how an upstream action produces a downstream result","Add discrete input increments; show the stored quantity rising; keep output unchanged below threshold; trigger one clear output transformation at crossing.","hold","4","5.2","6.5","enhanced","same_shot_transform","frontal","spatial_hold","label_measurement","setup_riser_and_payoff","trigger | component_chain | result","trigger | component_chain | result","input_label | output_label","colosseum_world | master_video_guides","WAITING_FOR_USER_SELECTION"
"EX03-08","EX03","Explanation / mechanism","Parallel inputs converge on one result","show how an upstream action produces a downstream result","Orient two independent inputs; activate them at different moments; trace both to a shared component; reveal output only after both conditions are satisfied.","hold","4","5.2","6.5","hero","same_shot_transform","depth_stack","spatial_hold","motion","mechanism_causal_chain","trigger | component_chain | result","trigger | component_chain | result","input_label | output_label","colosseum_world | master_video_guides","WAITING_FOR_USER_SELECTION"
"EX03-09","EX03","Explanation / mechanism","Macro cause dives micro, returns macro","show how an upstream action produces a downstream result","Show the large-scale trigger; enter the affected material or subsystem; animate the microscopic transmission; pull back to the visible macroscopic consequence.","hero","6.5","8.1","10","hero","same_shot_transform","corridor","spatial_hold","motion","setup_riser_and_payoff","trigger | component_chain | result","trigger | component_chain | result","input_label | output_label","colosseum_world | master_video_guides","WAITING_FOR_USER_SELECTION"
"EX03-10","EX03","Explanation / mechanism","Failure cascade arrested at one component","show how an upstream action produces a downstream result","Trigger a multi-component failure in correct causal order; let the cascade approach a critical output; activate one intervention; reverse or halt downstream changes and show recovery.","hero","6.5","8.1","10","hero","same_shot_transform","oblique_split","spatial_hold","motion","mechanism_causal_chain","trigger | component_chain | result","trigger | component_chain | result","input_label | output_label","colosseum_world | master_video_guides","WAITING_FOR_USER_SELECTION"
"EX04-01","EX04","Explanation / mechanism","Origin-to-destination route","follow a route, process, network, or constraint to its consequence","Orient the full route; mark the origin; trace one continuous path; stop at the destination; hold origin and destination relationship.","beat","1.5","2","2.5","functional","same_shot_transform","corridor","spatial_hold","motion","continuous_bed","path_world | origin | destination","path_world | origin | destination","path_label | value","colosseum_world | master_video_guides","WAITING_FOR_USER_SELECTION"
"EX04-02","EX04","Explanation / mechanism","One branch selected from alternatives","follow a route, process, network, or constraint to its consequence","Show the shared origin and available branches; travel to the decision point; emphasize one criterion; continue only on the selected branch.","explain","2.5","3.25","4","functional","same_shot_transform","oblique_split","spatial_hold","composition","single_semantic_hit","path_world | origin | destination","path_world | origin | destination","path_label | value","colosseum_world | master_video_guides","WAITING_FOR_USER_SELECTION"
"EX04-03","EX04","Explanation / mechanism","Bottleneck slows the trace","follow a route, process, network, or constraint to its consequence","Advance a trace at stable speed; decelerate at the bottleneck; show the accumulating queue or pressure; resume only after the constraint changes.","explain","2.5","3.25","4","enhanced","same_shot_transform","corridor","spatial_hold","motion","mechanism_causal_chain","path_world | origin | destination","path_world | origin | destination","path_label | value","colosseum_world | master_video_guides","WAITING_FOR_USER_SELECTION"
"EX04-04","EX04","Explanation / mechanism","Reverse trace finds the source","follow a route, process, network, or constraint to its consequence","Open on the visible result; trace backward along the route; pause at each causal junction; finish on the originating input or decision.","explain","2.5","3.25","4","enhanced","same_shot_transform","yaw_left","spatial_hold","motion","mechanism_causal_chain","path_world | origin | destination","path_world | origin | destination","path_label | value","colosseum_world | master_video_guides","WAITING_FOR_USER_SELECTION"
"EX04-05","EX04","Explanation / mechanism","Timeline path makes a gap visible","follow a route, process, network, or constraint to its consequence","Orient start and end on a timeline; reveal known events in order; leave one deliberate spatial gap; stop the trace at that missing interval.","explain","2.5","3.25","4","enhanced","same_shot_transform","frontal","spatial_hold","composition","intentional_music_stop","path_world | origin | destination","path_world | origin | destination","path_label | value","colosseum_world | master_video_guides","WAITING_FOR_USER_SELECTION"
"EX04-06","EX04","Explanation / mechanism","Network hops expose dependency order","follow a route, process, network, or constraint to its consequence","Locate source and destination nodes; activate one connection at a time; keep prior nodes visible but quiet; reveal the dependency chain on arrival.","hold","4","5.2","6.5","enhanced","same_shot_transform","depth_stack","spatial_hold","motion","mechanism_causal_chain","path_world | origin | destination","path_world | origin | destination","path_label | value","colosseum_world | master_video_guides","WAITING_FOR_USER_SELECTION"
"EX04-07","EX04","Explanation / mechanism","Map trace becomes physical travel","follow a route, process, network, or constraint to its consequence","Trace the route on a map; align a moving marker with a real vehicle or subject; transition into physical footage while preserving route direction; arrive in-world.","hold","4","5.2","6.5","enhanced","same_shot_transform","tilt_plane","spatial_hold","motion","environment_bridge","path_world | origin | destination","path_world | origin | destination","path_label | value","colosseum_world | master_video_guides","WAITING_FOR_USER_SELECTION"
"EX04-08","EX04","Explanation / mechanism","Multi-floor path through a building","follow a route, process, network, or constraint to its consequence","Orient the building exterior; enter the correct floor; trace through rooms and vertical circulation; exit at the destination while preserving floor context.","hold","4","5.2","6.5","enhanced","same_shot_transform","corridor","spatial_hold","motion","mechanism_causal_chain","path_world | origin | destination","path_world | origin | destination","path_label | value","colosseum_world | master_video_guides","WAITING_FOR_USER_SELECTION"
"EX04-09","EX04","Explanation / mechanism","Decision branch shows downstream cost","follow a route, process, network, or constraint to its consequence","Trace to a fork; follow option A briefly to its consequence; reset to the same fork; follow option B; end with both outcomes spatially related.","hold","4","5.2","6.5","hero","same_shot_transform","oblique_split","spatial_hold","motion","music_dip_and_pickup","path_world | origin | destination","path_world | origin | destination","path_label | value","colosseum_world | master_video_guides","WAITING_FOR_USER_SELECTION"
"EX04-10","EX04","Explanation / mechanism","Route crosses map, section, and lived world","follow a route, process, network, or constraint to its consequence","Begin on geographic overview; hand the same path into a sectional mechanism view; continue it into human-scale footage; preserve the moving anchor through every representation.","hero","6.5","8.1","10","hero","same_shot_transform","depth_stack","spatial_hold","motion","setup_riser_and_payoff","path_world | origin | destination","path_world | origin | destination","path_label | value","colosseum_world | master_video_guides","WAITING_FOR_USER_SELECTION"
"EX05-01","EX05","Explanation / mechanism","Empty system becomes populated","compare meaningful states without losing the object","Lock the system framing; introduce contents in real entry order; show the final populated operating state; preserve object orientation throughout.","sting","0.8","1.15","1.5","functional","same_shot_transform","depth_stack","spatial_hold","motion","continuous_bed","state_system","state_system | state_assets","state_a | state_b","colosseum_world | master_video_guides","WAITING_FOR_USER_SELECTION"
"EX05-02","EX05","Explanation / mechanism","Closed system opens and works","compare meaningful states without losing the object","Establish the closed state; perform the authentic opening action; reveal the newly available operation; return to the same exterior anchor.","beat","1.5","2","2.5","functional","same_shot_transform","tilt_plane","spatial_hold","motion","single_semantic_hit","state_system","state_system | state_assets","state_a | state_b","colosseum_world | master_video_guides","WAITING_FOR_USER_SELECTION"
"EX05-03","EX05","Explanation / mechanism","Dry-to-wet propagation","compare meaningful states without losing the object","Hold one environment or material; introduce liquid at its source; let the wet boundary propagate physically; reveal the functional consequence at saturation.","beat","1.5","2","2.5","enhanced","same_shot_transform","corridor","spatial_hold","motion","mechanism_causal_chain","state_system","state_system | state_assets","state_a | state_b","colosseum_world | master_video_guides","WAITING_FOR_USER_SELECTION"
"EX05-04","EX05","Explanation / mechanism","Intact exterior becomes cutaway state","compare meaningful states without losing the object","Begin with the intact object; transform only a bounded exterior region to cutaway; operate the interior; restore intact state at the same camera position.","explain","2.5","3.25","4","enhanced","same_shot_transform","oblique_split","spatial_hold","composition","music_dip_and_pickup","state_system","state_system | state_assets","state_a | state_b","colosseum_world | master_video_guides","WAITING_FOR_USER_SELECTION"
"EX05-05","EX05","Explanation / mechanism","Stalled mechanism restarts","compare meaningful states without losing the object","Show the system halted with a visible constraint; remove or correct that constraint; start components in causal order; hold the stable operating state.","explain","2.5","3.25","4","enhanced","same_shot_transform","yaw_left","spatial_hold","motion","mechanism_causal_chain","state_system","state_system | state_assets","state_a | state_b","colosseum_world | master_video_guides","WAITING_FOR_USER_SELECTION"
"EX05-06","EX05","Explanation / mechanism","Seasonal state alters operation","compare meaningful states without losing the object","Lock geography and structures; transform one environmental season or condition; update only the mechanisms affected by that change; compare the new operation.","explain","2.5","3.25","4","enhanced","same_shot_transform","oblique_split","spatial_hold","composition","environment_bridge","state_system","state_system | state_assets","state_a | state_b","colosseum_world | master_video_guides","WAITING_FOR_USER_SELECTION"
"EX05-07","EX05","Explanation / mechanism","Contaminated flow becomes clean","compare meaningful states without losing the object","Trace contaminated input into the process; perform each treatment state in order; reveal clean output; keep a before sample visible until comparison resolves.","explain","2.5","3.25","4","enhanced","same_shot_transform","yaw_right","spatial_hold","motion","mechanism_causal_chain","state_system","state_system | state_assets","state_a | state_b","colosseum_world | master_video_guides","WAITING_FOR_USER_SELECTION"
"EX05-08","EX05","Explanation / mechanism","Chaotic set organizes by rule","compare meaningful states without losing the object","Begin with a genuinely unordered set; introduce one sorting or alignment rule; move each item only when classified; reveal the ordered functional whole.","hold","4","5.2","6.5","enhanced","same_shot_transform","depth_stack","spatial_hold","motion","mechanism_causal_chain","state_system","state_system | state_assets","state_a | state_b","colosseum_world | master_video_guides","WAITING_FOR_USER_SELECTION"
"EX05-09","EX05","Explanation / mechanism","Intervention transforms problem to solution","compare meaningful states without losing the object","Establish problem state and its symptom; enter the intervention at the causal point; propagate changes through the system; pull back to the solved whole.","hold","4","5.2","6.5","hero","same_shot_transform","yaw_right","spatial_hold","motion","setup_riser_and_payoff","state_system","state_system | state_assets","state_a | state_b","colosseum_world | master_video_guides","WAITING_FOR_USER_SELECTION"
"EX05-10","EX05","Explanation / mechanism","Three-state reversible cycle","compare meaningful states without losing the object","Orient the stable system; transform A to B through visible mechanism; continue B to C; reverse the causal route back to A without hiding intermediate states.","hero","6.5","8.1","10","hero","same_shot_transform","orbital","spatial_hold","motion","mechanism_causal_chain","state_system","state_system | state_assets","state_a | state_b","colosseum_world | master_video_guides","WAITING_FOR_USER_SELECTION"
"AR01-01","AR01","Argument / comparison","Synchronized start, divergent finish","compare one criterion at a time under matched conditions","Align both assets at the same starting state; begin the shared action together; let only the causal difference diverge; freeze on the two outcomes.","beat","1.5","2","2.5","functional","same_shot_transform","oblique_split","soft_oblique_hold","composition","single_semantic_hit","side_a | side_b","side_a | side_b","criterion | label_a | label_b","editing_tutorial | master_video_guides","WAITING_FOR_USER_SELECTION"
"AR01-02","AR01","Argument / comparison","Same action, different result","compare one criterion at a time under matched conditions","Frame both subjects at matched scale; trigger the same action simultaneously; hold the resulting difference while all irrelevant motion stops.","beat","1.5","2","2.5","functional","same_shot_transform","oblique_split","soft_oblique_hold","motion","mechanism_causal_chain","side_a | side_b","side_a | side_b","criterion | label_a | label_b","editing_tutorial | master_video_guides","WAITING_FOR_USER_SELECTION"
"AR01-03","AR01","Argument / comparison","Physical size on a shared baseline","compare one criterion at a time under matched conditions","Place both subjects against one legitimate scale baseline; reveal the smaller first, then the larger; hold both with one measurement cue.","explain","2.5","3.25","4","functional","same_shot_transform","frontal","soft_oblique_hold","label_measurement","continuous_bed","side_a | side_b","side_a | side_b","criterion | label_a | label_b","editing_tutorial | master_video_guides","WAITING_FOR_USER_SELECTION"
"AR01-04","AR01","Argument / comparison","Locked before-after divider","compare one criterion at a time under matched conditions","Align before and after images perfectly; move one vertical divider once to expose the changed regions; stop at a frame showing both states clearly.","explain","2.5","3.25","4","functional","same_shot_transform","frontal","soft_oblique_hold","composition","single_semantic_hit","side_a | side_b","side_a | side_b","criterion | label_a | label_b","editing_tutorial | master_video_guides","WAITING_FOR_USER_SELECTION"
"AR01-05","AR01","Argument / comparison","One criterion at a time","compare one criterion at a time under matched conditions","Hold both assets; introduce criterion one and isolate its difference; clear it; introduce criterion two; finish on the criterion that changes the conclusion.","explain","2.5","3.25","4","enhanced","same_shot_transform","frontal","soft_oblique_hold","light_contrast","voice_only","side_a | side_b","side_a | side_b","criterion | label_a | label_b","editing_tutorial | master_video_guides","WAITING_FOR_USER_SELECTION"
"AR01-06","AR01","Argument / comparison","Parallel timelines reveal delay","compare one criterion at a time under matched conditions","Start two timelines at the same event; advance them together; pause one when it diverges; keep the other moving to expose the time difference.","explain","2.5","3.25","4","enhanced","same_shot_transform","oblique_split","soft_oblique_hold","motion","mechanism_causal_chain","side_a | side_b","side_a | side_b","criterion | label_a | label_b","editing_tutorial | master_video_guides","WAITING_FOR_USER_SELECTION"
"AR01-07","AR01","Argument / comparison","Matched process, different bottleneck","compare one criterion at a time under matched conditions","Run the same process on both sides; trace each to its distinct bottleneck; hold there; resume to show how the constraint changes output.","hold","4","5.2","6.5","enhanced","same_shot_transform","oblique_split","soft_oblique_hold","motion","mechanism_causal_chain","side_a | side_b","side_a | side_b","criterion | label_a | label_b","editing_tutorial | master_video_guides","WAITING_FOR_USER_SELECTION"
"AR01-08","AR01","Argument / comparison","Blind outcome, criterion reveal","compare one criterion at a time under matched conditions","Show two outcomes without labels; allow a neutral first read; reveal the single comparison criterion; recompose attention to the evidence that determines the result.","hold","4","5.2","6.5","enhanced","same_shot_transform","yaw_right","soft_oblique_hold","composition","music_dip_and_pickup","side_a | side_b","side_a | side_b","criterion | label_a | label_b","editing_tutorial | master_video_guides","WAITING_FOR_USER_SELECTION"
"AR02-01","AR02","Argument / comparison","Claim to counterexample","earn a reversal and leave a synthesis","Establish claim A with its strongest supporting image; cut to one direct counterexample on the rebuttal clause; hold the contradictory property.","sting","0.8","1.15","1.5","functional","clause_cut","oblique_split","soft_oblique_hold","composition","single_semantic_hit","","claim_a_media | claim_b_media","claim_a | claim_b | synthesis","editing_tutorial | master_video_guides","WAITING_FOR_USER_SELECTION"
"AR02-02","AR02","Argument / comparison","Conventional view yields to mechanism","earn a reversal and leave a synthesis","Show the familiar surface explanation; maintain framing while a cutaway or causal layer appears; let the hidden mechanism replace the first reading.","beat","1.5","2","2.5","enhanced","same_shot_transform","yaw_left","soft_oblique_hold","composition","music_dip_and_pickup","","claim_a_media | claim_b_media","claim_a | claim_b | synthesis","editing_tutorial | master_video_guides","WAITING_FOR_USER_SELECTION"
"AR02-03","AR02","Argument / comparison","Same footage, new evidence frame","earn a reversal and leave a synthesis","Play one ambiguous shot; freeze at the relevant moment; reveal the missing context or measurement; replay the moment under the corrected interpretation.","beat","1.5","2","2.5","functional","same_shot_transform","frontal","soft_oblique_hold","crop_dim_blur","voice_only","","claim_a_media | claim_b_media","claim_a | claim_b | synthesis","editing_tutorial | master_video_guides","WAITING_FOR_USER_SELECTION"
"AR02-04","AR02","Argument / comparison","Apparent cause becomes effect","earn a reversal and leave a synthesis","Present the common causal direction; pause at the presumed link; reverse the trace using evidence; finish with the corrected direction held.","beat","1.5","2","2.5","enhanced","same_shot_transform","oblique_split","soft_oblique_hold","motion","mechanism_causal_chain","","claim_a_media | claim_b_media","claim_a | claim_b | synthesis","editing_tutorial | master_video_guides","WAITING_FOR_USER_SELECTION"
"AR02-05","AR02","Argument / comparison","Quotation challenged by measured result","earn a reversal and leave a synthesis","Show the brief quoted position; cut to the measurement method; reveal the result; retain only the quoted keyword needed for contrast.","explain","2.5","3.25","4","functional","clause_cut","oblique_split","soft_oblique_hold","composition","voice_only","","claim_a_media | claim_b_media","claim_a | claim_b | synthesis","editing_tutorial | master_video_guides","WAITING_FOR_USER_SELECTION"
"AR02-06","AR02","Argument / comparison","Surface symptom opens to hidden driver","earn a reversal and leave a synthesis","Establish the visible symptom; enter or peel beneath it; locate and operate the hidden driver; return to the same symptom as it changes.","explain","2.5","3.25","4","enhanced","same_shot_transform","depth_stack","soft_oblique_hold","motion","setup_riser_and_payoff","","claim_a_media | claim_b_media","claim_a | claim_b | synthesis","editing_tutorial | master_video_guides","WAITING_FOR_USER_SELECTION"
"AR02-07","AR02","Argument / comparison","Certainty widens into a range","earn a reversal and leave a synthesis","Present a precise conventional value; introduce the omitted variability; transform the point value into a bounded range; hold the uncertainty as the corrected claim.","explain","2.5","3.25","4","functional","same_shot_transform","frontal","soft_oblique_hold","label_measurement","music_dip_and_pickup","","claim_a_media | claim_b_media","claim_a | claim_b | synthesis","editing_tutorial | master_video_guides","WAITING_FOR_USER_SELECTION"
"AR02-08","AR02","Argument / comparison","Opposing readings resolve into synthesis","earn a reversal and leave a synthesis","Establish thesis and antithesis as full, legible states; reveal the condition under which each holds; recompose both into a third synthesis frame.","hold","4","5.2","6.5","enhanced","same_shot_transform","oblique_split","soft_oblique_hold","composition","setup_riser_and_payoff","","claim_a_media | claim_b_media","claim_a | claim_b | synthesis","editing_tutorial | master_video_guides","WAITING_FOR_USER_SELECTION"
"AR03-01","AR03","Argument / comparison","Repair in the same locked shot","make the solution legible as a state or mechanism change","Hold problem state in a fixed frame; perform one visible corrective action; let the system settle into the solution without replacing the shot.","sting","0.8","1.15","1.5","functional","same_shot_transform","frontal","soft_oblique_hold","motion","single_semantic_hit","problem_state | solution_state","problem_state | solution_state | mechanism","problem_line | solution_line","editing_tutorial | master_video_guides","WAITING_FOR_USER_SELECTION"
"AR03-02","AR03","Argument / comparison","Matched problem-solution cut","make the solution legible as a state or mechanism change","Establish the problem around a stable anchor; hard-cut to the solved state with that anchor unchanged; hold only the corrected property.","beat","1.5","2","2.5","functional","position_match","oblique_split","soft_oblique_hold","composition","music_dip_and_pickup","problem_state | solution_state","problem_state | solution_state | mechanism","problem_line | solution_line","editing_tutorial | master_video_guides","WAITING_FOR_USER_SELECTION"
"AR03-03","AR03","Argument / comparison","Obstruction removed, flow restored","make the solution legible as a state or mechanism change","Trace flow until it stops at the obstruction; remove the obstruction visibly; resume the same trace through to the output.","beat","1.5","2","2.5","functional","same_shot_transform","corridor","soft_oblique_hold","motion","mechanism_causal_chain","problem_state | solution_state","problem_state | solution_state | mechanism","problem_line | solution_line","editing_tutorial | master_video_guides","WAITING_FOR_USER_SELECTION"
"AR03-04","AR03","Argument / comparison","Clutter reduces to the needed control","make the solution legible as a state or mechanism change","Show an overloaded interface or system; group and remove irrelevant elements by function; preserve the essential control; demonstrate the simplified operation.","explain","2.5","3.25","4","enhanced","same_shot_transform","frontal","soft_oblique_hold","composition","continuous_bed","problem_state | solution_state","problem_state | solution_state | mechanism","problem_line | solution_line","editing_tutorial | master_video_guides","WAITING_FOR_USER_SELECTION"
"AR03-05","AR03","Argument / comparison","Failure dip, solution pickup","make the solution legible as a state or mechanism change","Let the failed action land without a hit; dip the music; reveal the intervention; restore the music as the same action succeeds.","explain","2.5","3.25","4","enhanced","same_shot_transform","tilt_plane","soft_oblique_hold","sound_punctuation","music_dip_and_pickup","problem_state | solution_state","problem_state | solution_state | mechanism","problem_line | solution_line","editing_tutorial | master_video_guides","WAITING_FOR_USER_SELECTION"
"AR03-06","AR03","Argument / comparison","Struggle, tool, resolved action","make the solution legible as a state or mechanism change","Show a person failing at one action; cut on their reach to the correct tool; complete the action with the tool; hold the changed outcome.","explain","2.5","3.25","4","enhanced","action_cut","depth_stack","soft_oblique_hold","motion","single_semantic_hit","problem_state | solution_state","problem_state | solution_state | mechanism","problem_line | solution_line","editing_tutorial | master_video_guides","WAITING_FOR_USER_SELECTION"
"AR03-07","AR03","Argument / comparison","Detour collapses to direct route","make the solution legible as a state or mechanism change","Trace the costly problem route; mark its delay; introduce the solution connection; reroute the same traveler through the shorter path.","explain","2.5","3.25","4","enhanced","same_shot_transform","corridor","soft_oblique_hold","motion","mechanism_causal_chain","problem_state | solution_state","problem_state | solution_state | mechanism","problem_line | solution_line","editing_tutorial | master_video_guides","WAITING_FOR_USER_SELECTION"
"AR03-08","AR03","Argument / comparison","System redesign resolves multiple symptoms","make the solution legible as a state or mechanism change","Establish several symptoms as effects of one layout; transform the mechanism at the root; propagate improvements outward; pull back to the stable redesigned whole.","hold","4","5.2","6.5","hero","same_shot_transform","depth_stack","soft_oblique_hold","motion","setup_riser_and_payoff","problem_state | solution_state","problem_state | solution_state | mechanism","problem_line | solution_line","editing_tutorial | master_video_guides","WAITING_FOR_USER_SELECTION"
"BR01-01","BR01","Continuity / bridge","Circle to eye or aperture","bridge scenes through one concrete visual analogue","Close the outgoing shot on one circular subject; cut at matched center and scale to an eye, lens, or aperture; reveal the incoming context outward.","micro","0.35","0.58","0.8","functional","shape_match","orbital","soft_oblique_hold","composition","single_semantic_hit","outgoing | incoming","outgoing | incoming","","editing_tutorial | master_video_guides","WAITING_FOR_USER_SELECTION"
"BR01-02","BR01","Continuity / bridge","Hand-held rectangle to screen","bridge scenes through one concrete visual analogue","Move a rectangular object toward a stable frame position; cut when its edges align with an incoming screen or window; continue into the new content.","micro","0.35","0.58","0.8","functional","shape_match","yaw_right","soft_oblique_hold","motion","continuous_bed","outgoing | incoming","outgoing | incoming","","editing_tutorial | master_video_guides","WAITING_FOR_USER_SELECTION"
"BR01-03","BR01","Continuity / bridge","Horizon line to structural edge","bridge scenes through one concrete visual analogue","End on a strong horizon or shelf line; cut to an architectural or object edge at the same height; let the new subject emerge from that edge.","sting","0.8","1.15","1.5","functional","shape_match","tilt_plane","soft_oblique_hold","composition","environment_bridge","outgoing | incoming","outgoing | incoming","","editing_tutorial | master_video_guides","WAITING_FOR_USER_SELECTION"
"BR01-04","BR01","Continuity / bridge","Rotating wheel to rotating mechanism","bridge scenes through one concrete visual analogue","Match center, radius, and angular direction between two rotating objects; cut at a shared spoke angle; continue rotation before revealing the second scale.","sting","0.8","1.15","1.5","enhanced","shape_match","orbital","soft_oblique_hold","motion","mechanism_causal_chain","outgoing | incoming","outgoing | incoming","","editing_tutorial | master_video_guides","WAITING_FOR_USER_SELECTION"
"BR01-05","BR01","Continuity / bridge","Arch silhouette to doorway","bridge scenes through one concrete visual analogue","Fill the frame with an outgoing arch or curved void; cut to a homologous doorway; travel through the incoming opening to establish place.","sting","0.8","1.15","1.5","enhanced","shape_match","corridor","soft_oblique_hold","composition","environment_bridge","outgoing | incoming","outgoing | incoming","","editing_tutorial | master_video_guides","WAITING_FOR_USER_SELECTION"
"BR01-06","BR01","Continuity / bridge","Vertical object to structural pillar","bridge scenes through one concrete visual analogue","Raise or reveal a slender outgoing object; cut when it occupies the intended coordinate to an incoming pillar, tree, or tower; pull wide from the match.","beat","1.5","2","2.5","functional","shape_match","frontal","soft_oblique_hold","motion","single_semantic_hit","outgoing | incoming","outgoing | incoming","","editing_tutorial | master_video_guides","WAITING_FOR_USER_SELECTION"
"BR02-01","BR02","Continuity / bridge","Center anchor handoff","place the next priority where the viewer is already looking","End with one outgoing focal subject centered; cut to the next priority at the same coordinate and similar scale; delay all secondary motion until the eye lands.","micro","0.35","0.58","0.8","functional","position_match","frontal","soft_oblique_hold","composition","continuous_bed","outgoing | incoming","outgoing | incoming","","editing_tutorial | master_video_guides","WAITING_FOR_USER_SELECTION"
"BR02-02","BR02","Continuity / bridge","Eyeline places the incoming subject","place the next priority where the viewer is already looking","Show the outgoing subject looking toward one screen position; cut to the incoming object exactly there; hold before reframing.","sting","0.8","1.15","1.5","functional","position_match","yaw_right","soft_oblique_hold","composition","environment_bridge","outgoing | incoming","outgoing | incoming","","editing_tutorial | master_video_guides","WAITING_FOR_USER_SELECTION"
"BR02-03","BR02","Continuity / bridge","Upper-frame detail stays upper-frame","place the next priority where the viewer is already looking","Finish on a meaningful detail in the upper safe region; cut to the next detail at the same coordinate; then reveal its new context downward.","sting","0.8","1.15","1.5","functional","position_match","tilt_plane","soft_oblique_hold","composition","single_semantic_hit","outgoing | incoming","outgoing | incoming","","editing_tutorial | master_video_guides","WAITING_FOR_USER_SELECTION"
"BR02-04","BR02","Continuity / bridge","Detail-scale continuity across worlds","place the next priority where the viewer is already looking","End on a close detail; match the incoming focal point at equal apparent scale; allow the incoming camera to widen only after recognition.","sting","0.8","1.15","1.5","enhanced","position_match","yaw_left","soft_oblique_hold","motion","continuous_bed","outgoing | incoming","outgoing | incoming","","editing_tutorial | master_video_guides","WAITING_FOR_USER_SELECTION"
"BR02-05","BR02","Continuity / bridge","Moving anchor crosses the cut point","place the next priority where the viewer is already looking","Track an outgoing focal anchor toward a chosen coordinate; cut exactly as it reaches that coordinate; continue its vector with the incoming anchor.","beat","1.5","2","2.5","enhanced","position_match","corridor","soft_oblique_hold","motion","single_semantic_hit","outgoing | incoming","outgoing | incoming","","editing_tutorial | master_video_guides","WAITING_FOR_USER_SELECTION"
"BR02-06","BR02","Continuity / bridge","Keyword lands on its physical referent","place the next priority where the viewer is already looking","End with one central keyword; cut to a physical object occupying the same word mass and coordinate; let the word disappear as the object action begins.","beat","1.5","2","2.5","functional","position_match","frontal","soft_oblique_hold","composition","voice_only","outgoing | incoming","outgoing | incoming","","editing_tutorial | master_video_guides","WAITING_FOR_USER_SELECTION"
"BR03-01","BR03","Continuity / bridge","Pan vector carries the boundary","carry motion through a cut or hide it in a motivated occluder","Accelerate into one motivated pan; cut while the frame is motion-blurred; enter the new shot with the same vector; decelerate onto the subject.","micro","0.35","0.58","0.8","functional","action_cut","yaw_right","soft_oblique_hold","motion","single_semantic_hit","outgoing | incoming","outgoing | incoming | occluder","","master_guides | master_video_guides","WAITING_FOR_USER_SELECTION"
"BR03-02","BR03","Continuity / bridge","Passing person hides the cut","carry motion through a cut or hide it in a motivated occluder","Let a person cross close to the lens; cut at full-body occlusion; continue their screen direction as the new environment clears.","micro","0.35","0.58","0.8","functional","motivated_occlusion","yaw_left","soft_oblique_hold","motion","environment_bridge","outgoing | incoming","outgoing | incoming | occluder","","master_guides | master_video_guides","WAITING_FOR_USER_SELECTION"
"BR03-03","BR03","Continuity / bridge","Door close opens another place","carry motion through a cut or hide it in a motivated occluder","Track a real door or panel closing over the frame; cut at full closure; reverse the same physical action to open on the destination.","sting","0.8","1.15","1.5","enhanced","motivated_occlusion","corridor","soft_oblique_hold","motion","single_semantic_hit","outgoing | incoming","outgoing | incoming | occluder","","master_guides | master_video_guides","WAITING_FOR_USER_SELECTION"
"BR03-04","BR03","Continuity / bridge","Shadow sweep changes the scene","carry motion through a cut or hide it in a motivated occluder","Use a coherent cast shadow to cross the outgoing subject; replace the scene only inside full darkness; let the shadow continue off the incoming subject.","sting","0.8","1.15","1.5","enhanced","motivated_occlusion","tilt_plane","soft_oblique_hold","light_contrast","continuous_bed","outgoing | incoming","outgoing | incoming | occluder","","master_guides | master_video_guides","WAITING_FOR_USER_SELECTION"
"BR03-05","BR03","Continuity / bridge","Foreground object passes the lens","carry motion through a cut or hide it in a motivated occluder","Move a relevant object directly across the camera; hide the cut at maximum coverage; reveal a matched object action in the destination.","beat","1.5","2","2.5","functional","motivated_occlusion","depth_stack","soft_oblique_hold","motion","mechanism_causal_chain","outgoing | incoming","outgoing | incoming | occluder","","master_guides | master_video_guides","WAITING_FOR_USER_SELECTION"
"BR03-06","BR03","Continuity / bridge","Enter darkness, exit another world","carry motion through a cut or hide it in a motivated occluder","Approach a real tunnel, aperture, or unlit cavity; cross into full darkness; preserve motion and ambience; emerge from a homologous opening in the next world.","beat","1.5","2","2.5","enhanced","motivated_occlusion","corridor","soft_oblique_hold","motion","environment_bridge","outgoing | incoming","outgoing | incoming | occluder","","master_guides | master_video_guides","WAITING_FOR_USER_SELECTION"
"BR04-01","BR04","Continuity / bridge","Incoming voice precedes the picture","let sound prepare or complete a restrained picture change","Keep the outgoing image while the next speaker or narration clause begins; cut picture on the phrase that identifies the destination; retain the new voice.","micro","0.35","0.58","0.8","functional","j_cut","frontal","frontal_for_read","sound_punctuation","j_cut_voice_or_ambience","outgoing | incoming | bridge_audio","outgoing | incoming | bridge_audio","","editing_tutorial | master_video_guides","WAITING_FOR_USER_SELECTION"
"BR04-02","BR04","Continuity / bridge","Destination ambience arrives first","let sound prepare or complete a restrained picture change","Hold the outgoing subject; fade in one unmistakable destination ambience; allow a reaction or pause; cut to its visual source without an added hit.","sting","0.8","1.15","1.5","functional","j_cut","yaw_left","frontal_for_read","sound_punctuation","environment_bridge","outgoing | incoming | bridge_audio","outgoing | incoming | bridge_audio","","editing_tutorial | master_video_guides","WAITING_FOR_USER_SELECTION"
"BR04-03","BR04","Continuity / bridge","Outgoing line trails into reaction","let sound prepare or complete a restrained picture change","Cut from the speaker or source to the listener or consequence before the line ends; let the final words complete over the incoming image.","sting","0.8","1.15","1.5","functional","l_cut","oblique_split","frontal_for_read","composition","l_cut_voice_or_ambience","outgoing | incoming | bridge_audio","outgoing | incoming | bridge_audio","","editing_tutorial | master_video_guides","WAITING_FOR_USER_SELECTION"
"BR04-04","BR04","Continuity / bridge","Mechanism sound trails into the result","let sound prepare or complete a restrained picture change","Cut picture from the operating mechanism to its output; carry the authentic mechanism sound through the cut; let it decay when the result stabilizes.","beat","1.5","2","2.5","enhanced","l_cut","corridor","frontal_for_read","sound_punctuation","l_cut_voice_or_ambience","outgoing | incoming | bridge_audio","outgoing | incoming | bridge_audio","","editing_tutorial | master_video_guides","WAITING_FOR_USER_SELECTION"
"BR04-05","BR04","Continuity / bridge","Music motif previews the next image","let sound prepare or complete a restrained picture change","Introduce a distinct musical figure under the outgoing shot; cut picture when the motif resolves; associate the incoming subject with that motif.","beat","1.5","2","2.5","enhanced","j_cut","orbital","frontal_for_read","sound_punctuation","music_dip_and_pickup","outgoing | incoming | bridge_audio","outgoing | incoming | bridge_audio","","editing_tutorial | master_video_guides","WAITING_FOR_USER_SELECTION"
"BR04-06","BR04","Continuity / bridge","Room tone masks a temporal jump","let sound prepare or complete a restrained picture change","Hold continuous room or environmental tone; cut between two times or angles on a stable focal anchor; reveal the temporal change through picture only.","explain","2.5","3.25","4","functional","l_cut","frontal","frontal_for_read","composition","continuous_bed","outgoing | incoming | bridge_audio","outgoing | incoming | bridge_audio","","editing_tutorial | master_video_guides","WAITING_FOR_USER_SELECTION"
"PY01-01","PY01","Payoff / close","Separated parts return to the whole","return isolated parts to a newly understood whole","Recall the isolated parts in their learned positions; move them back along authentic assembly paths; pull back only after the complete whole operates.","explain","2.5","3.25","4","enhanced","same_shot_transform","depth_stack","spatial_hold","motion","mechanism_causal_chain","callback_assets | resolved_whole","callback_assets | resolved_whole","payoff_line","colosseum_world | master_video_guides","WAITING_FOR_USER_SELECTION"
"PY01-02","PY01","Payoff / close","Opening image returns with new understanding","return isolated parts to a newly understood whole","Match the opening hero frame; reveal the mechanism or relationship now understood inside that same composition; hold without adding a new claim.","hold","4","5.2","6.5","hero","position_match","frontal","spatial_hold","composition","music_dip_and_pickup","callback_assets | resolved_whole","callback_assets | resolved_whole","payoff_line","colosseum_world | master_video_guides","WAITING_FOR_USER_SELECTION"
"PY01-03","PY01","Payoff / close","Causal path reverses into system view","return isolated parts to a newly understood whole","Begin on the final output; trace backward through every explained component; collapse the trace; reveal all components operating together in the whole.","hero","6.5","8.1","10","hero","same_shot_transform","corridor","spatial_hold","motion","mechanism_causal_chain","callback_assets | resolved_whole","callback_assets | resolved_whole","payoff_line","colosseum_world | master_video_guides","WAITING_FOR_USER_SELECTION"
"PY01-04","PY01","Payoff / close","Multiple viewpoints converge in 3D","return isolated parts to a newly understood whole","Bring previously seen detail, section, and wide views into spatial alignment; fuse them into one oriented 3D hero system; complete one final operating action.","hero","6.5","8.1","10","hero","same_shot_transform","orbital","spatial_hold","motion","setup_riser_and_payoff","callback_assets | resolved_whole","callback_assets | resolved_whole","payoff_line","colosseum_world | master_video_guides","WAITING_FOR_USER_SELECTION"
"PY02-01","PY02","Payoff / close","Learned sequence, compressed","compress learned visuals in their established order","Replay three to five established visuals in the exact learned order; shorten each recognition beat; stop on one synthesis frame rather than another recap image.","explain","2.5","3.25","4","enhanced","clause_cut","oblique_split","frontal_for_read","composition","music_dip_and_pickup","recap_set","recap_set","synthesis","master_guides | master_video_guides","WAITING_FOR_USER_SELECTION"
"PY02-02","PY02","Payoff / close","Recap tiles assemble a hierarchy","compress learned visuals in their established order","Bring back each established visual as one restrained tile; place it into its learned system position; finish on the complete hierarchy with all motion stopped.","hold","4","5.2","6.5","enhanced","same_shot_transform","depth_stack","frontal_for_read","motion","mechanism_causal_chain","recap_set","recap_set","synthesis","master_guides | master_video_guides","WAITING_FOR_USER_SELECTION"
"PY02-03","PY02","Payoff / close","Callback motif travels through every stage","compress learned visuals in their established order","Reintroduce the original visual or audio motif; carry it through each learned stage as a persistent anchor; let its final form trigger the synthesis image.","hold","4","5.2","6.5","hero","same_shot_transform","corridor","frontal_for_read","motion","setup_riser_and_payoff","recap_set","recap_set","synthesis","master_guides | master_video_guides","WAITING_FOR_USER_SELECTION"
"PY03-01","PY03","Payoff / close","World resolves around one concluding line","resolve picture, argument, sound, and optional ask","Let the final environment finish its physical action; reveal one central or diegetically placed concluding line; hold the world and line through the music cadence.","hold","4","5.2","6.5","enhanced","same_shot_transform","frontal","frontal_for_read","composition","continuous_bed","hero_environment","hero_environment | cta_object","closing_line | cta","master_guides | master_video_guides","WAITING_FOR_USER_SELECTION"
"PY03-02","PY03","Payoff / close","Pullback discovers the CTA object in-world","resolve picture, argument, sound, and optional ask","Begin on the resolved subject; pull back to reveal a real screen, plaque, book, tool, or doorway carrying the next action; stop before it becomes a generic card.","hero","6.5","8.1","10","enhanced","same_shot_transform","corridor","frontal_for_read","composition","music_dip_and_pickup","hero_environment","hero_environment | cta_object","closing_line | cta","master_guides | master_video_guides","WAITING_FOR_USER_SELECTION"
"PY03-03","PY03","Payoff / close","Last mechanism action closes the film","resolve picture, argument, sound, and optional ask","Complete one final causally earned action in the hero world; let its native sound and music cadence resolve together; hold the stable result, then cut cleanly to black.","hero","6.5","8.1","10","hero","clean_hard_cut","orbital","frontal_for_read","sound_punctuation","setup_riser_and_payoff","hero_environment","hero_environment | cta_object","closing_line | cta","master_guides | master_video_guides","WAITING_FOR_USER_SELECTION"
